Workbook
Name ARISBin1: 'Chinook All Ages Proportions'!$L$6,'Chinook All Ages Proportions'!$M$6,'Chinook All Ages Proportions'!$N$6:$R$6

Sheet 1. Mixture Model Inputs
A1: Inputs from Mixture Model Results | AT1: Method Lookup
A2: 2023 | AT2: ML - Unweighted | AU2: Unweighted
A3: Mission Date | B3: Mixture Model | AH3: Mean Length and Sigma Values | AP3: Number of Groups | AQ3: Select Method | AR3: SalmonProp Lookup | AT3: ML - Weighted | AU3: Weighted
B4: Chinook Adult Percentages | J4: Chinook Jack Percentages | R4: Pink Percentages | Z4: Salmon Percentages | AH4: Pink | AJ4: Sockeye | AL4: Chinook | AN4: Chinook Jacks | AT4: Spline DFA | AU4: SplineDFA
B5: LB Bin 1 Aim 1 | C5: LB Bin 1 Aim 2 | D5: LB Bin 1 Combined | E5: LB Bin 2 | F5: LB Bin 3 | G5: RB Bin 1 | H5: RB Bin 2 | I5: RB Bin 3 | J5: LB Bin 1 Aim 1 | K5: LB Bin 1 Aim 2 | L5: LB Bin 1 Combined | M5: LB Bin 2 | N5: LB Bin 3 | O5: RB Bin 1 | P5: RB Bin 2 | Q5: RB Bin 3 | R5: LB Bin 1 Aim 1 | S5: LB Bin 1 Aim 2 | T5: LB Bin 1 Combined | U5: LB Bin 2 | V5: LB Bin 3 | W5: RB Bin 1 | X5: RB Bin 2 | Y5: RB Bin 3 | Z5: LB Bin 1 Aim 1 | AA5: LB Bin 1 Aim 2 | AB5: LB Bin 1 Combined | AC5: LB Bin 2 | AD5: LB Bin 3 | AE5: RB Bin 1 | AF5: RB Bin 2 | AG5: RB Bin 3 | AH5: Mean Length | AI5: Sigma | AJ5: Mean Length | AK5: Sigma | AL5: Mean Length | AM5: Sigma | AN5: Mean Length | AO5: Sigma | AT5: Spline Threshold | AU5: SplineThreshold
A6: ='[1]Passage Estimates'!$A6 -> 45108 | B6: {=IF(ISBLANK($AQ6), "", INDEX([2]SalmonProps!$A$2:$AA$10001,MATCH(1,($A6=[2]SalmonProps!$A$2:$A$10001)*(1=[2]SalmonProps!$C$2:$C$10001)*(1=[2]SalmonProps!$D$2:$D$10001)*("A1" = [2]SalmonProps!$B$2:$B$10001)*($AP6 = [2]SalmonProps!$F$2:$F$10001) *($AR6 = [2]SalmonProps!$G$2:$G$10001),0), 17))} -> 0 | C6: {=IF(ISBLANK($AQ6), "", INDEX([2]SalmonProps!$A$2:$AA$10001,MATCH(1,($A6=[2]SalmonProps!$A$2:$A$10001)*(1=[2]SalmonProps!$C$2:$C$10001)*(2=[2]SalmonProps!$D$2:$D$10001)*("A1" = [2]SalmonProps!$B$2:$B$10001)*($AP6 = [2]SalmonProps!$F$2:$F$10001) *($AR6 = [2]SalmonProps!$G$2:$G$10001),0), 17))} -> 0 | D6: {=IF(ISBLANK($AQ6), "", INDEX([2]SalmonProps!$A$2:$AA$10001,MATCH(1,($A6=[2]SalmonProps!$A$2:$A$10001)*(1=[2]SalmonProps!$C$2:$C$10001)*("1&2"=[2]SalmonProps!$D$2:$D$10001)*("A1" = [2]SalmonProps!$B$2:$B$10001)*($AP6 = [2]SalmonProps!$F$2:$F$10001) *($AR6 = [2]SalmonProps!$G$2:$G$10001),0), 17))} -> 0 | E6: {=IF(ISBLANK($AQ6), "", INDEX([2]SalmonProps!$A$2:$AA$10001,MATCH(1,($A6=[2]SalmonProps!$A$2:$A$10001)*(2=[2]SalmonProps!$C$2:$C$10001)*(3=[2]SalmonProps!$D$2:$D$10001)*("A1" = [2]SalmonProps!$B$2:$B$10001)*($AP6 = [2]SalmonProps!$F$2:$F$10001) *($AR6 = [2]SalmonProps!$G$2:$G$10001),0), 17))} -> 0.0304 | F6: {=IF(ISBLANK($AQ6), "", INDEX([2]SalmonProps!$A$2:$AA$10001,MATCH(1,($A6=[2]SalmonProps!$A$2:$A$10001)*(3=[2]SalmonProps!$C$2:$C$10001)*(3=[2]SalmonProps!$D$2:$D$10001)*("A1" = [2]SalmonProps!$B$2:$B$10001)*($AP6 = [2]SalmonProps!$F$2:$F$10001) *($AR6 = [2]SalmonProps!$G$2:$G$10001),0), 17))} -> 0.1186 | G6: 0 | H6: 0.0333 | I6: 0.0694 | J6: {=IF(ISBLANK($AQ6), "", INDEX([2]SalmonProps!$A$2:$AA$10001,MATCH(1,($A6=[2]SalmonProps!$A$2:$A$10001)*(1=[2]SalmonProps!$C$2:$C$10001)*(1=[2]SalmonProps!$D$2:$D$10001)*("A1" = [2]SalmonProps!$B$2:$B$10001)*($AP6 = [2]SalmonProps!$F$2:$F$10001) *($AR6 = [2]SalmonProps!$G$2:$G$10001),0), 19))} -> NA | K6: {=IF(ISBLANK($AQ6), "", INDEX([2]SalmonProps!$A$2:$AA$10001,MATCH(1,($A6=[2]SalmonProps!$A$2:$A$10001)*(1=[2]SalmonProps!$C$2:$C$10001)*(2=[2]SalmonProps!$D$2:$D$10001)*("A1" = [2]SalmonProps!$B$2:$B$10001)*($AP6 = [2]SalmonProps!$F$2:$F$10001) *($AR6 = [2]SalmonProps!$G$2:$G$10001),0), 19))} -> NA | L6: {=IF(ISBLANK($AQ6), "", INDEX([2]SalmonProps!$A$2:$AA$10001,MATCH(1,($A6=[2]SalmonProps!$A$2:$A$10001)*(1=[2]SalmonProps!$C$2:$C$10001)*("1&2"=[2]SalmonProps!$D$2:$D$10001)*("A1" = [2]SalmonProps!$B$2:$B$10001)*($AP6 = [2]SalmonProps!$F$2:$F$10001) *($AR6 = [2]SalmonProps!$G$2:$G$10001),0), 19))} -> NA | M6: {=IF(ISBLANK($AQ6), "", INDEX([2]SalmonProps!$A$2:$AA$10001,MATCH(1,($A6=[2]SalmonProps!$A$2:$A$10001)*(2=[2]SalmonProps!$C$2:$C$10001)*(3=[2]SalmonProps!$D$2:$D$10001)*("A1" = [2]SalmonProps!$B$2:$B$10001)*($AP6 = [2]SalmonProps!$F$2:$F$10001) *($AR6 = [2]SalmonProps!$G$2:$G$10001),0), 19))} -> NA | N6: {=IF(ISBLANK($AQ6), "", INDEX([2]SalmonProps!$A$2:$AA$10001,MATCH(1,($A6=[2]SalmonProps!$A$2:$A$10001)*(3=[2]SalmonProps!$C$2:$C$10001)*(3=[2]SalmonProps!$D$2:$D$10001)*("A1" = [2]SalmonProps!$B$2:$B$10001)*($AP6 = [2]SalmonProps!$F$2:$F$10001) *($AR6 = [2]SalmonProps!$G$2:$G$10001),0), 19))} -> NA | O6: {=IF(ISBLANK($AQ6), "", INDEX([2]SalmonProps!$A$2:$AA$10001,MATCH(1,($A6=[2]SalmonProps!$A$2:$A$10001)*(1=[2]SalmonProps!$C$2:$C$10001)*(1=[2]SalmonProps!$D$2:$D$10001)*("A2" = [2]SalmonProps!$B$2:$B$10001)*($AP6 = [2]SalmonProps!$F$2:$F$10001) *($AR6 = [2]SalmonProps!$G$2:$G$10001),0), 19))} -> #N/A | P6: {=IF(ISBLANK($AQ6), "", INDEX([2]SalmonProps!$A$2:$AA$10001,MATCH(1,($A6=[2]SalmonProps!$A$2:$A$10001)*(2=[2]SalmonProps!$C$2:$C$10001)*(1=[2]SalmonProps!$D$2:$D$10001)*("A2" = [2]SalmonProps!$B$2:$B$10001)*($AP6 = [2]SalmonProps!$F$2:$F$10001) *($AR6 = [2]SalmonProps!$G$2:$G$10001),0), 19))} -> #N/A | Q6: {=IF(ISBLANK($AQ6), "", INDEX([2]SalmonProps!$A$2:$AA$10001,MATCH(1,($A6=[2]SalmonProps!$A$2:$A$10001)*(3=[2]SalmonProps!$C$2:$C$10001)*(1=[2]SalmonProps!$D$2:$D$10001)*("A2" = [2]SalmonProps!$B$2:$B$10001)*($AP6 = [2]SalmonProps!$F$2:$F$10001) *($AR6 = [2]SalmonProps!$G$2:$G$10001),0), 19))} -> #N/A | R6: {=IF(ISBLANK($AQ6), "", INDEX([2]SalmonProps!$A$2:$AA$10001,MATCH(1,($A6=[2]SalmonProps!$A$2:$A$10001)*(1=[2]SalmonProps!$C$2:$C$10001)*(1=[2]SalmonProps!$D$2:$D$10001)*("A1" = [2]SalmonProps!$B$2:$B$10001)*($AP6 = [2]SalmonProps!$F$2:$F$10001) *($AR6 = [2]SalmonProps!$G$2:$G$10001),0), 18))} -> NA | S6: {=IF(ISBLANK($AQ6), "", INDEX([2]SalmonProps!$A$2:$AA$10001,MATCH(1,($A6=[2]SalmonProps!$A$2:$A$10001)*(1=[2]SalmonProps!$C$2:$C$10001)*(2=[2]SalmonProps!$D$2:$D$10001)*("A1" = [2]SalmonProps!$B$2:$B$10001)*($AP6 = [2]SalmonProps!$F$2:$F$10001) *($AR6 = [2]SalmonProps!$G$2:$G$10001),0), 18))} -> NA | T6: {=IF(ISBLANK($AQ6), "", INDEX([2]SalmonProps!$A$2:$AA$10001,MATCH(1,($A6=[2]SalmonProps!$A$2:$A$10001)*(1=[2]SalmonProps!$C$2:$C$10001)*("1&2"=[2]SalmonProps!$D$2:$D$10001)*("A1" = [2]SalmonProps!$B$2:$B$10001)*($AP6 = [2]SalmonProps!$F$2:$F$10001) *($AR6 = [2]SalmonProps!$G$2:$G$10001),0), 18))} -> NA | U6: {=IF(ISBLANK($AQ6), "", INDEX([2]SalmonProps!$A$2:$AA$10001,MATCH(1,($A6=[2]SalmonProps!$A$2:$A$10001)*(2=[2]SalmonProps!$C$2:$C$10001)*(3=[2]SalmonProps!$D$2:$D$10001)*("A1" = [2]SalmonProps!$B$2:$B$10001)*($AP6 = [2]SalmonProps!$F$2:$F$10001) *($AR6 = [2]SalmonProps!$G$2:$G$10001),0), 18))} -> NA | V6: {=IF(ISBLANK($AQ6), "", INDEX([2]SalmonProps!$A$2:$AA$10001,MATCH(1,($A6=[2]SalmonProps!$A$2:$A$10001)*(3=[2]SalmonProps!$C$2:$C$10001)*(3=[2]SalmonProps!$D$2:$D$10001)*("A1" = [2]SalmonProps!$B$2:$B$10001)*($AP6 = [2]SalmonProps!$F$2:$F$10001) *($AR6 = [2]SalmonProps!$G$2:$G$10001),0), 18))} -> NA | W6: {=IF(ISBLANK($AQ6), "", INDEX([2]SalmonProps!$A$2:$AA$10001,MATCH(1,($A6=[2]SalmonProps!$A$2:$A$10001)*(1=[2]SalmonProps!$C$2:$C$10001)*(1=[2]SalmonProps!$D$2:$D$10001)*("A2" = [2]SalmonProps!$B$2:$B$10001)*($AP6 = [2]SalmonProps!$F$2:$F$10001) *($AR6 = [2]SalmonProps!$G$2:$G$10001),0), 18))} -> #N/A | X6: {=IF(ISBLANK($AQ6), "", INDEX([2]SalmonProps!$A$2:$AA$10001,MATCH(1,($A6=[2]SalmonProps!$A$2:$A$10001)*(2=[2]SalmonProps!$C$2:$C$10001)*(1=[2]SalmonProps!$D$2:$D$10001)*("A2" = [2]SalmonProps!$B$2:$B$10001)*($AP6 = [2]SalmonProps!$F$2:$F$10001) *($AR6 = [2]SalmonProps!$G$2:$G$10001),0), 18))} -> #N/A | Y6: {=IF(ISBLANK($AQ6), "", INDEX([2]SalmonProps!$A$2:$AA$10001,MATCH(1,($A6=[2]SalmonProps!$A$2:$A$10001)*(3=[2]SalmonProps!$C$2:$C$10001)*(1=[2]SalmonProps!$D$2:$D$10001)*("A2" = [2]SalmonProps!$B$2:$B$10001)*($AP6 = [2]SalmonProps!$F$2:$F$10001) *($AR6 = [2]SalmonProps!$G$2:$G$10001),0), 18))} -> #N/A | Z6: {=IF(ISBLANK($AQ6), "", INDEX([2]SalmonProps!$A$2:$AA$10001,MATCH(1,($A6=[2]SalmonProps!$A$2:$A$10001)*(1=[2]SalmonProps!$C$2:$C$10001)*(1=[2]SalmonProps!$D$2:$D$10001)*("A1" = [2]SalmonProps!$B$2:$B$10001)*($AP6 = [2]SalmonProps!$F$2:$F$10001) *($AR6 = [2]SalmonProps!$G$2:$G$10001),0), 15))} -> 0.0603 | AA6: {=IF(ISBLANK($AQ6), "", INDEX([2]SalmonProps!$A$2:$AA$10001,MATCH(1,($A6=[2]SalmonProps!$A$2:$A$10001)*(1=[2]SalmonProps!$C$2:$C$10001)*(2=[2]SalmonProps!$D$2:$D$10001)*("A1" = [2]SalmonProps!$B$2:$B$10001)*($AP6 = [2]SalmonProps!$F$2:$F$10001) *($AR6 = [2]SalmonProps!$G$2:$G$10001),0), 15))} -> 0.0198 | AB6: {=IF(ISBLANK($AQ6), "", INDEX([2]SalmonProps!$A$2:$AA$10001,MATCH(1,($A6=[2]SalmonProps!$A$2:$A$10001)*(1=[2]SalmonProps!$C$2:$C$10001)*("1&2"=[2]SalmonProps!$D$2:$D$10001)*("A1" = [2]SalmonProps!$B$2:$B$10001)*($AP6 = [2]SalmonProps!$F$2:$F$10001) *($AR6 = [2]SalmonProps!$G$2:$G$10001),0), 15))} -> 0.0437 | AC6: {=IF(ISBLANK($AQ6), "", INDEX([2]SalmonProps!$A$2:$AA$10001,MATCH(1,($A6=[2]SalmonProps!$A$2:$A$10001)*(2=[2]SalmonProps!$C$2:$C$10001)*(3=[2]SalmonProps!$D$2:$D$10001)*("A1" = [2]SalmonProps!$B$2:$B$10001)*($AP6 = [2]SalmonProps!$F$2:$F$10001) *($AR6 = [2]SalmonProps!$G$2:$G$10001),0), 15))} -> 0.1587 | AD6: {=IF(ISBLANK($AQ6), "", INDEX([2]SalmonProps!$A$2:$AA$10001,MATCH(1,($A6=[2]SalmonProps!$A$2:$A$10001)*(3=[2]SalmonProps!$C$2:$C$10001)*(3=[2]SalmonProps!$D$2:$D$10001)*("A1" = [2]SalmonProps!$B$2:$B$10001)*($AP6 = [2]SalmonProps!$F$2:$F$10001) *($AR6 = [2]SalmonProps!$G$2:$G$10001),0), 15))} -> 0.1351 | AE6: 0.0639 | AF6: 0.0632 | AG6: 0.2357 | AJ6: {=IF(ISBLANK($AQ6), "", INDEX([2]SalmonProps!$A$2:$AA$10001,MATCH(1,($A6=[2]SalmonProps!$A$2:$A$10001)*($AP6 = [2]SalmonProps!$F$2:$F$10001) *($AR6 = [2]SalmonProps!$G$2:$G$10001),0), 20))} -> 61.4 | AK6: {=IF(ISBLANK($AQ6), "", INDEX([2]SalmonProps!$A$2:$AA$10001,MATCH(1,($A6=[2]SalmonProps!$A$2:$A$10001)*($AP6 = [2]SalmonProps!$F$2:$F$10001) *($AR6 = [2]SalmonProps!$G$2:$G$10001),0), 21))} -> 5 | AL6: {=IF(ISBLANK($AQ6), "", INDEX([2]SalmonProps!$A$2:$AA$10001,MATCH(1,($A6=[2]SalmonProps!$A$2:$A$10001)*($AP6 = [2]SalmonProps!$F$2:$F$10001) *($AR6 = [2]SalmonProps!$G$2:$G$10001),0), 22))} -> 75.1 | AM6: {=IF(ISBLANK($AQ6), "", INDEX([2]SalmonProps!$A$2:$AA$10001,MATCH(1,($A6=[2]SalmonProps!$A$2:$A$10001)*($AP6 = [2]SalmonProps!$F$2:$F$10001) *($AR6 = [2]SalmonProps!$G$2:$G$10001),0), 23))} -> 7.6 | AN6: {=IF(ISBLANK($AQ6), "", INDEX([2]SalmonProps!$A$2:$AA$10001,MATCH(1,($A6=[2]SalmonProps!$A$2:$A$10001)*($AP6 = [2]SalmonProps!$F$2:$F$10001) *($AR6 = [2]SalmonProps!$G$2:$G$10001),0), 26))} -> NA | AO6: {=IF(ISBLANK($AQ6), "", INDEX([2]SalmonProps!$A$2:$AA$10001,MATCH(1,($A6=[2]SalmonProps!$A$2:$A$10001)*($AP6 = [2]SalmonProps!$F$2:$F$10001) *($AR6 = [2]SalmonProps!$G$2:$G$10001),0), 27))} -> NA | AP6: 3 | AQ6: ML - Unweighted | AR6: =INDEX($AT$2:$AU$5, MATCH(AQ6,$AT$2:$AT$5, 0), 2) -> Unweighted
A7: ='[1]Passage Estimates'!$A7 -> 45109 | B7: {=IF(ISBLANK($AQ7), "", INDEX([2]SalmonProps!$A$2:$AA$10001,MATCH(1,($A7=[2]SalmonProps!$A$2:$A$10001)*(1=[2]SalmonProps!$C$2:$C$10001)*(1=[2]SalmonProps!$D$2:$D$10001)*("A1" = [2]SalmonProps!$B$2:$B$10001)*($AP7 = [2]SalmonProps!$F$2:$F$10001) *($AR7 = [2]SalmonProps!$G$2:$G$10001),0), 17))} -> 0 | C7: {=IF(ISBLANK($AQ7), "", INDEX([2]SalmonProps!$A$2:$AA$10001,MATCH(1,($A7=[2]SalmonProps!$A$2:$A$10001)*(1=[2]SalmonProps!$C$2:$C$10001)*(2=[2]SalmonProps!$D$2:$D$10001)*("A1" = [2]SalmonProps!$B$2:$B$10001)*($AP7 = [2]SalmonProps!$F$2:$F$10001) *($AR7 = [2]SalmonProps!$G$2:$G$10001),0), 17))} -> 0 | D7: {=IF(ISBLANK($AQ7), "", INDEX([2]SalmonProps!$A$2:$AA$10001,MATCH(1,($A7=[2]SalmonProps!$A$2:$A$10001)*(1=[2]SalmonProps!$C$2:$C$10001)*("1&2"=[2]SalmonProps!$D$2:$D$10001)*("A1" = [2]SalmonProps!$B$2:$B$10001)*($AP7 = [2]SalmonProps!$F$2:$F$10001) *($AR7 = [2]SalmonProps!$G$2:$G$10001),0), 17))} -> 0 | E7: {=IF(ISBLANK($AQ7), "", INDEX([2]SalmonProps!$A$2:$AA$10001,MATCH(1,($A7=[2]SalmonProps!$A$2:$A$10001)*(2=[2]SalmonProps!$C$2:$C$10001)*(3=[2]SalmonProps!$D$2:$D$10001)*("A1" = [2]SalmonProps!$B$2:$B$10001)*($AP7 = [2]SalmonProps!$F$2:$F$10001) *($AR7 = [2]SalmonProps!$G$2:$G$10001),0), 17))} -> 0.0304 | F7: {=IF(ISBLANK($AQ7), "", INDEX([2]SalmonProps!$A$2:$AA$10001,MATCH(1,($A7=[2]SalmonProps!$A$2:$A$10001)*(3=[2]SalmonProps!$C$2:$C$10001)*(3=[2]SalmonProps!$D$2:$D$10001)*("A1" = [2]SalmonProps!$B$2:$B$10001)*($AP7 = [2]SalmonProps!$F$2:$F$10001) *($AR7 = [2]SalmonProps!$G$2:$G$10001),0), 17))} -> 0.224 | G7: 0 | H7: 0.0333 | I7: 0.0694 | J7: {=IF(ISBLANK($AQ7), "", INDEX([2]SalmonProps!$A$2:$AA$10001,MATCH(1,($A7=[2]SalmonProps!$A$2:$A$10001)*(1=[2]SalmonProps!$C$2:$C$10001)*(1=[2]SalmonProps!$D$2:$D$10001)*("A1" = [2]SalmonProps!$B$2:$B$10001)*($AP7 = [2]SalmonProps!$F$2:$F$10001) *($AR7 = [2]SalmonProps!$G$2:$G$10001),0), 19))} -> NA | K7: {=IF(ISBLANK($AQ7), "", INDEX([2]SalmonProps!$A$2:$AA$10001,MATCH(1,($A7=[2]SalmonProps!$A$2:$A$10001)*(1=[2]SalmonProps!$C$2:$C$10001)*(2=[2]SalmonProps!$D$2:$D$10001)*("A1" = [2]SalmonProps!$B$2:$B$10001)*($AP7 = [2]SalmonProps!$F$2:$F$10001) *($AR7 = [2]SalmonProps!$G$2:$G$10001),0), 19))} -> NA | L7: {=IF(ISBLANK($AQ7), "", INDEX([2]SalmonProps!$A$2:$AA$10001,MATCH(1,($A7=[2]SalmonProps!$A$2:$A$10001)*(1=[2]SalmonProps!$C$2:$C$10001)*("1&2"=[2]SalmonProps!$D$2:$D$10001)*("A1" = [2]SalmonProps!$B$2:$B$10001)*($AP7 = [2]SalmonProps!$F$2:$F$10001) *($AR7 = [2]SalmonProps!$G$2:$G$10001),0), 19))} -> NA | M7: {=IF(ISBLANK($AQ7), "", INDEX([2]SalmonProps!$A$2:$AA$10001,MATCH(1,($A7=[2]SalmonProps!$A$2:$A$10001)*(2=[2]SalmonProps!$C$2:$C$10001)*(3=[2]SalmonProps!$D$2:$D$10001)*("A1" = [2]SalmonProps!$B$2:$B$10001)*($AP7 = [2]SalmonProps!$F$2:$F$10001) *($AR7 = [2]SalmonProps!$G$2:$G$10001),0), 19))} -> NA | N7: {=IF(ISBLANK($AQ7), "", INDEX([2]SalmonProps!$A$2:$AA$10001,MATCH(1,($A7=[2]SalmonProps!$A$2:$A$10001)*(3=[2]SalmonProps!$C$2:$C$10001)*(3=[2]SalmonProps!$D$2:$D$10001)*("A1" = [2]SalmonProps!$B$2:$B$10001)*($AP7 = [2]SalmonProps!$F$2:$F$10001) *($AR7 = [2]SalmonProps!$G$2:$G$10001),0), 19))} -> NA | O7: {=IF(ISBLANK($AQ7), "", INDEX([2]SalmonProps!$A$2:$AA$10001,MATCH(1,($A7=[2]SalmonProps!$A$2:$A$10001)*(1=[2]SalmonProps!$C$2:$C$10001)*(1=[2]SalmonProps!$D$2:$D$10001)*("A2" = [2]SalmonProps!$B$2:$B$10001)*($AP7 = [2]SalmonProps!$F$2:$F$10001) *($AR7 = [2]SalmonProps!$G$2:$G$10001),0), 19))} -> #N/A | P7: {=IF(ISBLANK($AQ7), "", INDEX([2]SalmonProps!$A$2:$AA$10001,MATCH(1,($A7=[2]SalmonProps!$A$2:$A$10001)*(2=[2]SalmonProps!$C$2:$C$10001)*(1=[2]SalmonProps!$D$2:$D$10001)*("A2" = [2]SalmonProps!$B$2:$B$10001)*($AP7 = [2]SalmonProps!$F$2:$F$10001) *($AR7 = [2]SalmonProps!$G$2:$G$10001),0), 19))} -> #N/A | Q7: {=IF(ISBLANK($AQ7), "", INDEX([2]SalmonProps!$A$2:$AA$10001,MATCH(1,($A7=[2]SalmonProps!$A$2:$A$10001)*(3=[2]SalmonProps!$C$2:$C$10001)*(1=[2]SalmonProps!$D$2:$D$10001)*("A2" = [2]SalmonProps!$B$2:$B$10001)*($AP7 = [2]SalmonProps!$F$2:$F$10001) *($AR7 = [2]SalmonProps!$G$2:$G$10001),0), 19))} -> #N/A | R7: {=IF(ISBLANK($AQ7), "", INDEX([2]SalmonProps!$A$2:$AA$10001,MATCH(1,($A7=[2]SalmonProps!$A$2:$A$10001)*(1=[2]SalmonProps!$C$2:$C$10001)*(1=[2]SalmonProps!$D$2:$D$10001)*("A1" = [2]SalmonProps!$B$2:$B$10001)*($AP7 = [2]SalmonProps!$F$2:$F$10001) *($AR7 = [2]SalmonProps!$G$2:$G$10001),0), 18))} -> NA | S7: {=IF(ISBLANK($AQ7), "", INDEX([2]SalmonProps!$A$2:$AA$10001,MATCH(1,($A7=[2]SalmonProps!$A$2:$A$10001)*(1=[2]SalmonProps!$C$2:$C$10001)*(2=[2]SalmonProps!$D$2:$D$10001)*("A1" = [2]SalmonProps!$B$2:$B$10001)*($AP7 = [2]SalmonProps!$F$2:$F$10001) *($AR7 = [2]SalmonProps!$G$2:$G$10001),0), 18))} -> NA | T7: {=IF(ISBLANK($AQ7), "", INDEX([2]SalmonProps!$A$2:$AA$10001,MATCH(1,($A7=[2]SalmonProps!$A$2:$A$10001)*(1=[2]SalmonProps!$C$2:$C$10001)*("1&2"=[2]SalmonProps!$D$2:$D$10001)*("A1" = [2]SalmonProps!$B$2:$B$10001)*($AP7 = [2]SalmonProps!$F$2:$F$10001) *($AR7 = [2]SalmonProps!$G$2:$G$10001),0), 18))} -> NA | U7: {=IF(ISBLANK($AQ7), "", INDEX([2]SalmonProps!$A$2:$AA$10001,MATCH(1,($A7=[2]SalmonProps!$A$2:$A$10001)*(2=[2]SalmonProps!$C$2:$C$10001)*(3=[2]SalmonProps!$D$2:$D$10001)*("A1" = [2]SalmonProps!$B$2:$B$10001)*($AP7 = [2]SalmonProps!$F$2:$F$10001) *($AR7 = [2]SalmonProps!$G$2:$G$10001),0), 18))} -> NA | V7: {=IF(ISBLANK($AQ7), "", INDEX([2]SalmonProps!$A$2:$AA$10001,MATCH(1,($A7=[2]SalmonProps!$A$2:$A$10001)*(3=[2]SalmonProps!$C$2:$C$10001)*(3=[2]SalmonProps!$D$2:$D$10001)*("A1" = [2]SalmonProps!$B$2:$B$10001)*($AP7 = [2]SalmonProps!$F$2:$F$10001) *($AR7 = [2]SalmonProps!$G$2:$G$10001),0), 18))} -> NA | W7: {=IF(ISBLANK($AQ7), "", INDEX([2]SalmonProps!$A$2:$AA$10001,MATCH(1,($A7=[2]SalmonProps!$A$2:$A$10001)*(1=[2]SalmonProps!$C$2:$C$10001)*(1=[2]SalmonProps!$D$2:$D$10001)*("A2" = [2]SalmonProps!$B$2:$B$10001)*($AP7 = [2]SalmonProps!$F$2:$F$10001) *($AR7 = [2]SalmonProps!$G$2:$G$10001),0), 18))} -> #N/A | X7: {=IF(ISBLANK($AQ7), "", INDEX([2]SalmonProps!$A$2:$AA$10001,MATCH(1,($A7=[2]SalmonProps!$A$2:$A$10001)*(2=[2]SalmonProps!$C$2:$C$10001)*(1=[2]SalmonProps!$D$2:$D$10001)*("A2" = [2]SalmonProps!$B$2:$B$10001)*($AP7 = [2]SalmonProps!$F$2:$F$10001) *($AR7 = [2]SalmonProps!$G$2:$G$10001),0), 18))} -> #N/A | Y7: {=IF(ISBLANK($AQ7), "", INDEX([2]SalmonProps!$A$2:$AA$10001,MATCH(1,($A7=[2]SalmonProps!$A$2:$A$10001)*(3=[2]SalmonProps!$C$2:$C$10001)*(1=[2]SalmonProps!$D$2:$D$10001)*("A2" = [2]SalmonProps!$B$2:$B$10001)*($AP7 = [2]SalmonProps!$F$2:$F$10001) *($AR7 = [2]SalmonProps!$G$2:$G$10001),0), 18))} -> #N/A | Z7: {=IF(ISBLANK($AQ7), "", INDEX([2]SalmonProps!$A$2:$AA$10001,MATCH(1,($A7=[2]SalmonProps!$A$2:$A$10001)*(1=[2]SalmonProps!$C$2:$C$10001)*(1=[2]SalmonProps!$D$2:$D$10001)*("A1" = [2]SalmonProps!$B$2:$B$10001)*($AP7 = [2]SalmonProps!$F$2:$F$10001) *($AR7 = [2]SalmonProps!$G$2:$G$10001),0), 15))} -> 0.0761 | AA7: {=IF(ISBLANK($AQ7), "", INDEX([2]SalmonProps!$A$2:$AA$10001,MATCH(1,($A7=[2]SalmonProps!$A$2:$A$10001)*(1=[2]SalmonProps!$C$2:$C$10001)*(2=[2]SalmonProps!$D$2:$D$10001)*("A1" = [2]SalmonProps!$B$2:$B$10001)*($AP7 = [2]SalmonProps!$F$2:$F$10001) *($AR7 = [2]SalmonProps!$G$2:$G$10001),0), 15))} -> 0.0182 | AB7: {=IF(ISBLANK($AQ7), "", INDEX([2]SalmonProps!$A$2:$AA$10001,MATCH(1,($A7=[2]SalmonProps!$A$2:$A$10001)*(1=[2]SalmonProps!$C$2:$C$10001)*("1&2"=[2]SalmonProps!$D$2:$D$10001)*("A1" = [2]SalmonProps!$B$2:$B$10001)*($AP7 = [2]SalmonProps!$F$2:$F$10001) *($AR7 = [2]SalmonProps!$G$2:$G$10001),0), 15))} -> 0.0481 | AC7: {=IF(ISBLANK($AQ7), "", INDEX([2]SalmonProps!$A$2:$AA$10001,MATCH(1,($A7=[2]SalmonProps!$A$2:$A$10001)*(2=[2]SalmonProps!$C$2:$C$10001)*(3=[2]SalmonProps!$D$2:$D$10001)*("A1" = [2]SalmonProps!$B$2:$B$10001)*($AP7 = [2]SalmonProps!$F$2:$F$10001) *($AR7 = [2]SalmonProps!$G$2:$G$10001),0), 15))} -> 0.1587 | AD7: {=IF(ISBLANK($AQ7), "", INDEX([2]SalmonProps!$A$2:$AA$10001,MATCH(1,($A7=[2]SalmonProps!$A$2:$A$10001)*(3=[2]SalmonProps!$C$2:$C$10001)*(3=[2]SalmonProps!$D$2:$D$10001)*("A1" = [2]SalmonProps!$B$2:$B$10001)*($AP7 = [2]SalmonProps!$F$2:$F$10001) *($AR7 = [2]SalmonProps!$G$2:$G$10001),0), 15))} -> 0.3547 | AE7: 0.0639 | AF7: 0.0632 | AG7: 0.2357 | AJ7: {=IF(ISBLANK($AQ7), "", INDEX([2]SalmonProps!$A$2:$AA$10001,MATCH(1,($A7=[2]SalmonProps!$A$2:$A$10001)*($AP7 = [2]SalmonProps!$F$2:$F$10001) *($AR7 = [2]SalmonProps!$G$2:$G$10001),0), 20))} -> 61.4 | AK7: {=IF(ISBLANK($AQ7), "", INDEX([2]SalmonProps!$A$2:$AA$10001,MATCH(1,($A7=[2]SalmonProps!$A$2:$A$10001)*($AP7 = [2]SalmonProps!$F$2:$F$10001) *($AR7 = [2]SalmonProps!$G$2:$G$10001),0), 21))} -> 5 | AL7: {=IF(ISBLANK($AQ7), "", INDEX([2]SalmonProps!$A$2:$AA$10001,MATCH(1,($A7=[2]SalmonProps!$A$2:$A$10001)*($AP7 = [2]SalmonProps!$F$2:$F$10001) *($AR7 = [2]SalmonProps!$G$2:$G$10001),0), 22))} -> 75.1 | AM7: {=IF(ISBLANK($AQ7), "", INDEX([2]SalmonProps!$A$2:$AA$10001,MATCH(1,($A7=[2]SalmonProps!$A$2:$A$10001)*($AP7 = [2]SalmonProps!$F$2:$F$10001) *($AR7 = [2]SalmonProps!$G$2:$G$10001),0), 23))} -> 7.6 | AN7: {=IF(ISBLANK($AQ7), "", INDEX([2]SalmonProps!$A$2:$AA$10001,MATCH(1,($A7=[2]SalmonProps!$A$2:$A$10001)*($AP7 = [2]SalmonProps!$F$2:$F$10001) *($AR7 = [2]SalmonProps!$G$2:$G$10001),0), 26))} -> NA | AO7: {=IF(ISBLANK($AQ7), "", INDEX([2]SalmonProps!$A$2:$AA$10001,MATCH(1,($A7=[2]SalmonProps!$A$2:$A$10001)*($AP7 = [2]SalmonProps!$F$2:$F$10001) *($AR7 = [2]SalmonProps!$G$2:$G$10001),0), 27))} -> NA | AP7: 3 | AQ7: ML - Unweighted | AR7: =INDEX($AT$2:$AU$5, MATCH(AQ7,$AT$2:$AT$5, 0), 2) -> Unweighted
A8: ='[1]Passage Estimates'!$A8 -> 45110 | B8: {=IF(ISBLANK($AQ8), "", INDEX([2]SalmonProps!$A$2:$AA$10001,MATCH(1,($A8=[2]SalmonProps!$A$2:$A$10001)*(1=[2]SalmonProps!$C$2:$C$10001)*(1=[2]SalmonProps!$D$2:$D$10001)*("A1" = [2]SalmonProps!$B$2:$B$10001)*($AP8 = [2]SalmonProps!$F$2:$F$10001) *($AR8 = [2]SalmonProps!$G$2:$G$10001),0), 17))} -> 0.012 | C8: {=IF(ISBLANK($AQ8), "", INDEX([2]SalmonProps!$A$2:$AA$10001,MATCH(1,($A8=[2]SalmonProps!$A$2:$A$10001)*(1=[2]SalmonProps!$C$2:$C$10001)*(2=[2]SalmonProps!$D$2:$D$10001)*("A1" = [2]SalmonProps!$B$2:$B$10001)*($AP8 = [2]SalmonProps!$F$2:$F$10001) *($AR8 = [2]SalmonProps!$G$2:$G$10001),0), 17))} -> 0 | D8: {=IF(ISBLANK($AQ8), "", INDEX([2]SalmonProps!$A$2:$AA$10001,MATCH(1,($A8=[2]SalmonProps!$A$2:$A$10001)*(1=[2]SalmonProps!$C$2:$C$10001)*("1&2"=[2]SalmonProps!$D$2:$D$10001)*("A1" = [2]SalmonProps!$B$2:$B$10001)*($AP8 = [2]SalmonProps!$F$2:$F$10001) *($AR8 = [2]SalmonProps!$G$2:$G$10001),0), 17))} -> 0.0037 | E8: {=IF(ISBLANK($AQ8), "", INDEX([2]SalmonProps!$A$2:$AA$10001,MATCH(1,($A8=[2]SalmonProps!$A$2:$A$10001)*(2=[2]SalmonProps!$C$2:$C$10001)*(3=[2]SalmonProps!$D$2:$D$10001)*("A1" = [2]SalmonProps!$B$2:$B$10001)*($AP8 = [2]SalmonProps!$F$2:$F$10001) *($AR8 = [2]SalmonProps!$G$2:$G$10001),0), 17))} -> 0.0358 | F8: {=IF(ISBLANK($AQ8), "", INDEX([2]SalmonProps!$A$2:$AA$10001,MATCH(1,($A8=[2]SalmonProps!$A$2:$A$10001)*(3=[2]SalmonProps!$C$2:$C$10001)*(3=[2]SalmonProps!$D$2:$D$10001)*("A1" = [2]SalmonProps!$B$2:$B$10001)*($AP8 = [2]SalmonProps!$F$2:$F$10001) *($AR8 = [2]SalmonProps!$G$2:$G$10001),0), 17))} -> 0.2318 | G8: 0 | H8: 0.0333 | I8: 0.0694 | J8: {=IF(ISBLANK($AQ8), "", INDEX([2]SalmonProps!$A$2:$AA$10001,MATCH(1,($A8=[2]SalmonProps!$A$2:$A$10001)*(1=[2]SalmonProps!$C$2:$C$10001)*(1=[2]SalmonProps!$D$2:$D$10001)*("A1" = [2]SalmonProps!$B$2:$B$10001)*($AP8 = [2]SalmonProps!$F$2:$F$10001) *($AR8 = [2]SalmonProps!$G$2:$G$10001),0), 19))} -> NA | K8: {=IF(ISBLANK($AQ8), "", INDEX([2]SalmonProps!$A$2:$AA$10001,MATCH(1,($A8=[2]SalmonProps!$A$2:$A$10001)*(1=[2]SalmonProps!$C$2:$C$10001)*(2=[2]SalmonProps!$D$2:$D$10001)*("A1" = [2]SalmonProps!$B$2:$B$10001)*($AP8 = [2]SalmonProps!$F$2:$F$10001) *($AR8 = [2]SalmonProps!$G$2:$G$10001),0), 19))} -> NA | L8: {=IF(ISBLANK($AQ8), "", INDEX([2]SalmonProps!$A$2:$AA$10001,MATCH(1,($A8=[2]SalmonProps!$A$2:$A$10001)*(1=[2]SalmonProps!$C$2:$C$10001)*("1&2"=[2]SalmonProps!$D$2:$D$10001)*("A1" = [2]SalmonProps!$B$2:$B$10001)*($AP8 = [2]SalmonProps!$F$2:$F$10001) *($AR8 = [2]SalmonProps!$G$2:$G$10001),0), 19))} -> NA | M8: {=IF(ISBLANK($AQ8), "", INDEX([2]SalmonProps!$A$2:$AA$10001,MATCH(1,($A8=[2]SalmonProps!$A$2:$A$10001)*(2=[2]SalmonProps!$C$2:$C$10001)*(3=[2]SalmonProps!$D$2:$D$10001)*("A1" = [2]SalmonProps!$B$2:$B$10001)*($AP8 = [2]SalmonProps!$F$2:$F$10001) *($AR8 = [2]SalmonProps!$G$2:$G$10001),0), 19))} -> NA | N8: {=IF(ISBLANK($AQ8), "", INDEX([2]SalmonProps!$A$2:$AA$10001,MATCH(1,($A8=[2]SalmonProps!$A$2:$A$10001)*(3=[2]SalmonProps!$C$2:$C$10001)*(3=[2]SalmonProps!$D$2:$D$10001)*("A1" = [2]SalmonProps!$B$2:$B$10001)*($AP8 = [2]SalmonProps!$F$2:$F$10001) *($AR8 = [2]SalmonProps!$G$2:$G$10001),0), 19))} -> NA | O8: {=IF(ISBLANK($AQ8), "", INDEX([2]SalmonProps!$A$2:$AA$10001,MATCH(1,($A8=[2]SalmonProps!$A$2:$A$10001)*(1=[2]SalmonProps!$C$2:$C$10001)*(1=[2]SalmonProps!$D$2:$D$10001)*("A2" = [2]SalmonProps!$B$2:$B$10001)*($AP8 = [2]SalmonProps!$F$2:$F$10001) *($AR8 = [2]SalmonProps!$G$2:$G$10001),0), 19))} -> #N/A | P8: {=IF(ISBLANK($AQ8), "", INDEX([2]SalmonProps!$A$2:$AA$10001,MATCH(1,($A8=[2]SalmonProps!$A$2:$A$10001)*(2=[2]SalmonProps!$C$2:$C$10001)*(1=[2]SalmonProps!$D$2:$D$10001)*("A2" = [2]SalmonProps!$B$2:$B$10001)*($AP8 = [2]SalmonProps!$F$2:$F$10001) *($AR8 = [2]SalmonProps!$G$2:$G$10001),0), 19))} -> #N/A | Q8: {=IF(ISBLANK($AQ8), "", INDEX([2]SalmonProps!$A$2:$AA$10001,MATCH(1,($A8=[2]SalmonProps!$A$2:$A$10001)*(3=[2]SalmonProps!$C$2:$C$10001)*(1=[2]SalmonProps!$D$2:$D$10001)*("A2" = [2]SalmonProps!$B$2:$B$10001)*($AP8 = [2]SalmonProps!$F$2:$F$10001) *($AR8 = [2]SalmonProps!$G$2:$G$10001),0), 19))} -> #N/A | R8: {=IF(ISBLANK($AQ8), "", INDEX([2]SalmonProps!$A$2:$AA$10001,MATCH(1,($A8=[2]SalmonProps!$A$2:$A$10001)*(1=[2]SalmonProps!$C$2:$C$10001)*(1=[2]SalmonProps!$D$2:$D$10001)*("A1" = [2]SalmonProps!$B$2:$B$10001)*($AP8 = [2]SalmonProps!$F$2:$F$10001) *($AR8 = [2]SalmonProps!$G$2:$G$10001),0), 18))} -> NA | S8: {=IF(ISBLANK($AQ8), "", INDEX([2]SalmonProps!$A$2:$AA$10001,MATCH(1,($A8=[2]SalmonProps!$A$2:$A$10001)*(1=[2]SalmonProps!$C$2:$C$10001)*(2=[2]SalmonProps!$D$2:$D$10001)*("A1" = [2]SalmonProps!$B$2:$B$10001)*($AP8 = [2]SalmonProps!$F$2:$F$10001) *($AR8 = [2]SalmonProps!$G$2:$G$10001),0), 18))} -> NA | T8: {=IF(ISBLANK($AQ8), "", INDEX([2]SalmonProps!$A$2:$AA$10001,MATCH(1,($A8=[2]SalmonProps!$A$2:$A$10001)*(1=[2]SalmonProps!$C$2:$C$10001)*("1&2"=[2]SalmonProps!$D$2:$D$10001)*("A1" = [2]SalmonProps!$B$2:$B$10001)*($AP8 = [2]SalmonProps!$F$2:$F$10001) *($AR8 = [2]SalmonProps!$G$2:$G$10001),0), 18))} -> NA | U8: {=IF(ISBLANK($AQ8), "", INDEX([2]SalmonProps!$A$2:$AA$10001,MATCH(1,($A8=[2]SalmonProps!$A$2:$A$10001)*(2=[2]SalmonProps!$C$2:$C$10001)*(3=[2]SalmonProps!$D$2:$D$10001)*("A1" = [2]SalmonProps!$B$2:$B$10001)*($AP8 = [2]SalmonProps!$F$2:$F$10001) *($AR8 = [2]SalmonProps!$G$2:$G$10001),0), 18))} -> NA | V8: {=IF(ISBLANK($AQ8), "", INDEX([2]SalmonProps!$A$2:$AA$10001,MATCH(1,($A8=[2]SalmonProps!$A$2:$A$10001)*(3=[2]SalmonProps!$C$2:$C$10001)*(3=[2]SalmonProps!$D$2:$D$10001)*("A1" = [2]SalmonProps!$B$2:$B$10001)*($AP8 = [2]SalmonProps!$F$2:$F$10001) *($AR8 = [2]SalmonProps!$G$2:$G$10001),0), 18))} -> NA | W8: {=IF(ISBLANK($AQ8), "", INDEX([2]SalmonProps!$A$2:$AA$10001,MATCH(1,($A8=[2]SalmonProps!$A$2:$A$10001)*(1=[2]SalmonProps!$C$2:$C$10001)*(1=[2]SalmonProps!$D$2:$D$10001)*("A2" = [2]SalmonProps!$B$2:$B$10001)*($AP8 = [2]SalmonProps!$F$2:$F$10001) *($AR8 = [2]SalmonProps!$G$2:$G$10001),0), 18))} -> #N/A | X8: {=IF(ISBLANK($AQ8), "", INDEX([2]SalmonProps!$A$2:$AA$10001,MATCH(1,($A8=[2]SalmonProps!$A$2:$A$10001)*(2=[2]SalmonProps!$C$2:$C$10001)*(1=[2]SalmonProps!$D$2:$D$10001)*("A2" = [2]SalmonProps!$B$2:$B$10001)*($AP8 = [2]SalmonProps!$F$2:$F$10001) *($AR8 = [2]SalmonProps!$G$2:$G$10001),0), 18))} -> #N/A | Y8: {=IF(ISBLANK($AQ8), "", INDEX([2]SalmonProps!$A$2:$AA$10001,MATCH(1,($A8=[2]SalmonProps!$A$2:$A$10001)*(3=[2]SalmonProps!$C$2:$C$10001)*(1=[2]SalmonProps!$D$2:$D$10001)*("A2" = [2]SalmonProps!$B$2:$B$10001)*($AP8 = [2]SalmonProps!$F$2:$F$10001) *($AR8 = [2]SalmonProps!$G$2:$G$10001),0), 18))} -> #N/A | Z8: {=IF(ISBLANK($AQ8), "", INDEX([2]SalmonProps!$A$2:$AA$10001,MATCH(1,($A8=[2]SalmonProps!$A$2:$A$10001)*(1=[2]SalmonProps!$C$2:$C$10001)*(1=[2]SalmonProps!$D$2:$D$10001)*("A1" = [2]SalmonProps!$B$2:$B$10001)*($AP8 = [2]SalmonProps!$F$2:$F$10001) *($AR8 = [2]SalmonProps!$G$2:$G$10001),0), 15))} -> 0.012 | AA8: {=IF(ISBLANK($AQ8), "", INDEX([2]SalmonProps!$A$2:$AA$10001,MATCH(1,($A8=[2]SalmonProps!$A$2:$A$10001)*(1=[2]SalmonProps!$C$2:$C$10001)*(2=[2]SalmonProps!$D$2:$D$10001)*("A1" = [2]SalmonProps!$B$2:$B$10001)*($AP8 = [2]SalmonProps!$F$2:$F$10001) *($AR8 = [2]SalmonProps!$G$2:$G$10001),0), 15))} -> 0.0072 | AB8: {=IF(ISBLANK($AQ8), "", INDEX([2]SalmonProps!$A$2:$AA$10001,MATCH(1,($A8=[2]SalmonProps!$A$2:$A$10001)*(1=[2]SalmonProps!$C$2:$C$10001)*("1&2"=[2]SalmonProps!$D$2:$D$10001)*("A1" = [2]SalmonProps!$B$2:$B$10001)*($AP8 = [2]SalmonProps!$F$2:$F$10001) *($AR8 = [2]SalmonProps!$G$2:$G$10001),0), 15))} -> 0.0075 | AC8: {=IF(ISBLANK($AQ8), "", INDEX([2]SalmonProps!$A$2:$AA$10001,MATCH(1,($A8=[2]SalmonProps!$A$2:$A$10001)*(2=[2]SalmonProps!$C$2:$C$10001)*(3=[2]SalmonProps!$D$2:$D$10001)*("A1" = [2]SalmonProps!$B$2:$B$10001)*($AP8 = [2]SalmonProps!$F$2:$F$10001) *($AR8 = [2]SalmonProps!$G$2:$G$10001),0), 15))} -> 0.1132 | AD8: {=IF(ISBLANK($AQ8), "", INDEX([2]SalmonProps!$A$2:$AA$10001,MATCH(1,($A8=[2]SalmonProps!$A$2:$A$10001)*(3=[2]SalmonProps!$C$2:$C$10001)*(3=[2]SalmonProps!$D$2:$D$10001)*("A1" = [2]SalmonProps!$B$2:$B$10001)*($AP8 = [2]SalmonProps!$F$2:$F$10001) *($AR8 = [2]SalmonProps!$G$2:$G$10001),0), 15))} -> 0.2794 | AE8: 0.0639 | AF8: 0.0632 | AG8: 0.2357 | AJ8: {=IF(ISBLANK($AQ8), "", INDEX([2]SalmonProps!$A$2:$AA$10001,MATCH(1,($A8=[2]SalmonProps!$A$2:$A$10001)*($AP8 = [2]SalmonProps!$F$2:$F$10001) *($AR8 = [2]SalmonProps!$G$2:$G$10001),0), 20))} -> 61.4 | AK8: {=IF(ISBLANK($AQ8), "", INDEX([2]SalmonProps!$A$2:$AA$10001,MATCH(1,($A8=[2]SalmonProps!$A$2:$A$10001)*($AP8 = [2]SalmonProps!$F$2:$F$10001) *($AR8 = [2]SalmonProps!$G$2:$G$10001),0), 21))} -> 5 | AL8: {=IF(ISBLANK($AQ8), "", INDEX([2]SalmonProps!$A$2:$AA$10001,MATCH(1,($A8=[2]SalmonProps!$A$2:$A$10001)*($AP8 = [2]SalmonProps!$F$2:$F$10001) *($AR8 = [2]SalmonProps!$G$2:$G$10001),0), 22))} -> 75.1 | AM8: {=IF(ISBLANK($AQ8), "", INDEX([2]SalmonProps!$A$2:$AA$10001,MATCH(1,($A8=[2]SalmonProps!$A$2:$A$10001)*($AP8 = [2]SalmonProps!$F$2:$F$10001) *($AR8 = [2]SalmonProps!$G$2:$G$10001),0), 23))} -> 7.6 | AN8: {=IF(ISBLANK($AQ8), "", INDEX([2]SalmonProps!$A$2:$AA$10001,MATCH(1,($A8=[2]SalmonProps!$A$2:$A$10001)*($AP8 = [2]SalmonProps!$F$2:$F$10001) *($AR8 = [2]SalmonProps!$G$2:$G$10001),0), 26))} -> NA | AO8: {=IF(ISBLANK($AQ8), "", INDEX([2]SalmonProps!$A$2:$AA$10001,MATCH(1,($A8=[2]SalmonProps!$A$2:$A$10001)*($AP8 = [2]SalmonProps!$F$2:$F$10001) *($AR8 = [2]SalmonProps!$G$2:$G$10001),0), 27))} -> NA | AP8: 3 | AQ8: ML - Unweighted | AR8: =INDEX($AT$2:$AU$5, MATCH(AQ8,$AT$2:$AT$5, 0), 2) -> Unweighted
A9: ='[1]Passage Estimates'!$A9 -> 45111 | B9: {=IF(ISBLANK($AQ9), "", INDEX([2]SalmonProps!$A$2:$AA$10001,MATCH(1,($A9=[2]SalmonProps!$A$2:$A$10001)*(1=[2]SalmonProps!$C$2:$C$10001)*(1=[2]SalmonProps!$D$2:$D$10001)*("A1" = [2]SalmonProps!$B$2:$B$10001)*($AP9 = [2]SalmonProps!$F$2:$F$10001) *($AR9 = [2]SalmonProps!$G$2:$G$10001),0), 17))} -> 0 | C9: {=IF(ISBLANK($AQ9), "", INDEX([2]SalmonProps!$A$2:$AA$10001,MATCH(1,($A9=[2]SalmonProps!$A$2:$A$10001)*(1=[2]SalmonProps!$C$2:$C$10001)*(2=[2]SalmonProps!$D$2:$D$10001)*("A1" = [2]SalmonProps!$B$2:$B$10001)*($AP9 = [2]SalmonProps!$F$2:$F$10001) *($AR9 = [2]SalmonProps!$G$2:$G$10001),0), 17))} -> 0 | D9: {=IF(ISBLANK($AQ9), "", INDEX([2]SalmonProps!$A$2:$AA$10001,MATCH(1,($A9=[2]SalmonProps!$A$2:$A$10001)*(1=[2]SalmonProps!$C$2:$C$10001)*("1&2"=[2]SalmonProps!$D$2:$D$10001)*("A1" = [2]SalmonProps!$B$2:$B$10001)*($AP9 = [2]SalmonProps!$F$2:$F$10001) *($AR9 = [2]SalmonProps!$G$2:$G$10001),0), 17))} -> 0 | E9: {=IF(ISBLANK($AQ9), "", INDEX([2]SalmonProps!$A$2:$AA$10001,MATCH(1,($A9=[2]SalmonProps!$A$2:$A$10001)*(2=[2]SalmonProps!$C$2:$C$10001)*(3=[2]SalmonProps!$D$2:$D$10001)*("A1" = [2]SalmonProps!$B$2:$B$10001)*($AP9 = [2]SalmonProps!$F$2:$F$10001) *($AR9 = [2]SalmonProps!$G$2:$G$10001),0), 17))} -> 0.1421 | F9: {=IF(ISBLANK($AQ9), "", INDEX([2]SalmonProps!$A$2:$AA$10001,MATCH(1,($A9=[2]SalmonProps!$A$2:$A$10001)*(3=[2]SalmonProps!$C$2:$C$10001)*(3=[2]SalmonProps!$D$2:$D$10001)*("A1" = [2]SalmonProps!$B$2:$B$10001)*($AP9 = [2]SalmonProps!$F$2:$F$10001) *($AR9 = [2]SalmonProps!$G$2:$G$10001),0), 17))} -> 0.305 | G9: 0 | H9: 0.0333 | I9: 0.0694 | J9: {=IF(ISBLANK($AQ9), "", INDEX([2]SalmonProps!$A$2:$AA$10001,MATCH(1,($A9=[2]SalmonProps!$A$2:$A$10001)*(1=[2]SalmonProps!$C$2:$C$10001)*(1=[2]SalmonProps!$D$2:$D$10001)*("A1" = [2]SalmonProps!$B$2:$B$10001)*($AP9 = [2]SalmonProps!$F$2:$F$10001) *($AR9 = [2]SalmonProps!$G$2:$G$10001),0), 19))} -> NA | K9: {=IF(ISBLANK($AQ9), "", INDEX([2]SalmonProps!$A$2:$AA$10001,MATCH(1,($A9=[2]SalmonProps!$A$2:$A$10001)*(1=[2]SalmonProps!$C$2:$C$10001)*(2=[2]SalmonProps!$D$2:$D$10001)*("A1" = [2]SalmonProps!$B$2:$B$10001)*($AP9 = [2]SalmonProps!$F$2:$F$10001) *($AR9 = [2]SalmonProps!$G$2:$G$10001),0), 19))} -> NA | L9: {=IF(ISBLANK($AQ9), "", INDEX([2]SalmonProps!$A$2:$AA$10001,MATCH(1,($A9=[2]SalmonProps!$A$2:$A$10001)*(1=[2]SalmonProps!$C$2:$C$10001)*("1&2"=[2]SalmonProps!$D$2:$D$10001)*("A1" = [2]SalmonProps!$B$2:$B$10001)*($AP9 = [2]SalmonProps!$F$2:$F$10001) *($AR9 = [2]SalmonProps!$G$2:$G$10001),0), 19))} -> NA | M9: {=IF(ISBLANK($AQ9), "", INDEX([2]SalmonProps!$A$2:$AA$10001,MATCH(1,($A9=[2]SalmonProps!$A$2:$A$10001)*(2=[2]SalmonProps!$C$2:$C$10001)*(3=[2]SalmonProps!$D$2:$D$10001)*("A1" = [2]SalmonProps!$B$2:$B$10001)*($AP9 = [2]SalmonProps!$F$2:$F$10001) *($AR9 = [2]SalmonProps!$G$2:$G$10001),0), 19))} -> NA | N9: {=IF(ISBLANK($AQ9), "", INDEX([2]SalmonProps!$A$2:$AA$10001,MATCH(1,($A9=[2]SalmonProps!$A$2:$A$10001)*(3=[2]SalmonProps!$C$2:$C$10001)*(3=[2]SalmonProps!$D$2:$D$10001)*("A1" = [2]SalmonProps!$B$2:$B$10001)*($AP9 = [2]SalmonProps!$F$2:$F$10001) *($AR9 = [2]SalmonProps!$G$2:$G$10001),0), 19))} -> NA | O9: {=IF(ISBLANK($AQ9), "", INDEX([2]SalmonProps!$A$2:$AA$10001,MATCH(1,($A9=[2]SalmonProps!$A$2:$A$10001)*(1=[2]SalmonProps!$C$2:$C$10001)*(1=[2]SalmonProps!$D$2:$D$10001)*("A2" = [2]SalmonProps!$B$2:$B$10001)*($AP9 = [2]SalmonProps!$F$2:$F$10001) *($AR9 = [2]SalmonProps!$G$2:$G$10001),0), 19))} -> #N/A | P9: {=IF(ISBLANK($AQ9), "", INDEX([2]SalmonProps!$A$2:$AA$10001,MATCH(1,($A9=[2]SalmonProps!$A$2:$A$10001)*(2=[2]SalmonProps!$C$2:$C$10001)*(1=[2]SalmonProps!$D$2:$D$10001)*("A2" = [2]SalmonProps!$B$2:$B$10001)*($AP9 = [2]SalmonProps!$F$2:$F$10001) *($AR9 = [2]SalmonProps!$G$2:$G$10001),0), 19))} -> #N/A | Q9: {=IF(ISBLANK($AQ9), "", INDEX([2]SalmonProps!$A$2:$AA$10001,MATCH(1,($A9=[2]SalmonProps!$A$2:$A$10001)*(3=[2]SalmonProps!$C$2:$C$10001)*(1=[2]SalmonProps!$D$2:$D$10001)*("A2" = [2]SalmonProps!$B$2:$B$10001)*($AP9 = [2]SalmonProps!$F$2:$F$10001) *($AR9 = [2]SalmonProps!$G$2:$G$10001),0), 19))} -> #N/A | R9: {=IF(ISBLANK($AQ9), "", INDEX([2]SalmonProps!$A$2:$AA$10001,MATCH(1,($A9=[2]SalmonProps!$A$2:$A$10001)*(1=[2]SalmonProps!$C$2:$C$10001)*(1=[2]SalmonProps!$D$2:$D$10001)*("A1" = [2]SalmonProps!$B$2:$B$10001)*($AP9 = [2]SalmonProps!$F$2:$F$10001) *($AR9 = [2]SalmonProps!$G$2:$G$10001),0), 18))} -> NA | S9: {=IF(ISBLANK($AQ9), "", INDEX([2]SalmonProps!$A$2:$AA$10001,MATCH(1,($A9=[2]SalmonProps!$A$2:$A$10001)*(1=[2]SalmonProps!$C$2:$C$10001)*(2=[2]SalmonProps!$D$2:$D$10001)*("A1" = [2]SalmonProps!$B$2:$B$10001)*($AP9 = [2]SalmonProps!$F$2:$F$10001) *($AR9 = [2]SalmonProps!$G$2:$G$10001),0), 18))} -> NA | T9: {=IF(ISBLANK($AQ9), "", INDEX([2]SalmonProps!$A$2:$AA$10001,MATCH(1,($A9=[2]SalmonProps!$A$2:$A$10001)*(1=[2]SalmonProps!$C$2:$C$10001)*("1&2"=[2]SalmonProps!$D$2:$D$10001)*("A1" = [2]SalmonProps!$B$2:$B$10001)*($AP9 = [2]SalmonProps!$F$2:$F$10001) *($AR9 = [2]SalmonProps!$G$2:$G$10001),0), 18))} -> NA | U9: {=IF(ISBLANK($AQ9), "", INDEX([2]SalmonProps!$A$2:$AA$10001,MATCH(1,($A9=[2]SalmonProps!$A$2:$A$10001)*(2=[2]SalmonProps!$C$2:$C$10001)*(3=[2]SalmonProps!$D$2:$D$10001)*("A1" = [2]SalmonProps!$B$2:$B$10001)*($AP9 = [2]SalmonProps!$F$2:$F$10001) *($AR9 = [2]SalmonProps!$G$2:$G$10001),0), 18))} -> NA | V9: {=IF(ISBLANK($AQ9), "", INDEX([2]SalmonProps!$A$2:$AA$10001,MATCH(1,($A9=[2]SalmonProps!$A$2:$A$10001)*(3=[2]SalmonProps!$C$2:$C$10001)*(3=[2]SalmonProps!$D$2:$D$10001)*("A1" = [2]SalmonProps!$B$2:$B$10001)*($AP9 = [2]SalmonProps!$F$2:$F$10001) *($AR9 = [2]SalmonProps!$G$2:$G$10001),0), 18))} -> NA | W9: {=IF(ISBLANK($AQ9), "", INDEX([2]SalmonProps!$A$2:$AA$10001,MATCH(1,($A9=[2]SalmonProps!$A$2:$A$10001)*(1=[2]SalmonProps!$C$2:$C$10001)*(1=[2]SalmonProps!$D$2:$D$10001)*("A2" = [2]SalmonProps!$B$2:$B$10001)*($AP9 = [2]SalmonProps!$F$2:$F$10001) *($AR9 = [2]SalmonProps!$G$2:$G$10001),0), 18))} -> #N/A | X9: {=IF(ISBLANK($AQ9), "", INDEX([2]SalmonProps!$A$2:$AA$10001,MATCH(1,($A9=[2]SalmonProps!$A$2:$A$10001)*(2=[2]SalmonProps!$C$2:$C$10001)*(1=[2]SalmonProps!$D$2:$D$10001)*("A2" = [2]SalmonProps!$B$2:$B$10001)*($AP9 = [2]SalmonProps!$F$2:$F$10001) *($AR9 = [2]SalmonProps!$G$2:$G$10001),0), 18))} -> #N/A | Y9: {=IF(ISBLANK($AQ9), "", INDEX([2]SalmonProps!$A$2:$AA$10001,MATCH(1,($A9=[2]SalmonProps!$A$2:$A$10001)*(3=[2]SalmonProps!$C$2:$C$10001)*(1=[2]SalmonProps!$D$2:$D$10001)*("A2" = [2]SalmonProps!$B$2:$B$10001)*($AP9 = [2]SalmonProps!$F$2:$F$10001) *($AR9 = [2]SalmonProps!$G$2:$G$10001),0), 18))} -> #N/A | Z9: {=IF(ISBLANK($AQ9), "", INDEX([2]SalmonProps!$A$2:$AA$10001,MATCH(1,($A9=[2]SalmonProps!$A$2:$A$10001)*(1=[2]SalmonProps!$C$2:$C$10001)*(1=[2]SalmonProps!$D$2:$D$10001)*("A1" = [2]SalmonProps!$B$2:$B$10001)*($AP9 = [2]SalmonProps!$F$2:$F$10001) *($AR9 = [2]SalmonProps!$G$2:$G$10001),0), 15))} -> 0.0411 | AA9: {=IF(ISBLANK($AQ9), "", INDEX([2]SalmonProps!$A$2:$AA$10001,MATCH(1,($A9=[2]SalmonProps!$A$2:$A$10001)*(1=[2]SalmonProps!$C$2:$C$10001)*(2=[2]SalmonProps!$D$2:$D$10001)*("A1" = [2]SalmonProps!$B$2:$B$10001)*($AP9 = [2]SalmonProps!$F$2:$F$10001) *($AR9 = [2]SalmonProps!$G$2:$G$10001),0), 15))} -> 0.0399 | AB9: {=IF(ISBLANK($AQ9), "", INDEX([2]SalmonProps!$A$2:$AA$10001,MATCH(1,($A9=[2]SalmonProps!$A$2:$A$10001)*(1=[2]SalmonProps!$C$2:$C$10001)*("1&2"=[2]SalmonProps!$D$2:$D$10001)*("A1" = [2]SalmonProps!$B$2:$B$10001)*($AP9 = [2]SalmonProps!$F$2:$F$10001) *($AR9 = [2]SalmonProps!$G$2:$G$10001),0), 15))} -> 0.0407 | AC9: {=IF(ISBLANK($AQ9), "", INDEX([2]SalmonProps!$A$2:$AA$10001,MATCH(1,($A9=[2]SalmonProps!$A$2:$A$10001)*(2=[2]SalmonProps!$C$2:$C$10001)*(3=[2]SalmonProps!$D$2:$D$10001)*("A1" = [2]SalmonProps!$B$2:$B$10001)*($AP9 = [2]SalmonProps!$F$2:$F$10001) *($AR9 = [2]SalmonProps!$G$2:$G$10001),0), 15))} -> 0.2563 | AD9: {=IF(ISBLANK($AQ9), "", INDEX([2]SalmonProps!$A$2:$AA$10001,MATCH(1,($A9=[2]SalmonProps!$A$2:$A$10001)*(3=[2]SalmonProps!$C$2:$C$10001)*(3=[2]SalmonProps!$D$2:$D$10001)*("A1" = [2]SalmonProps!$B$2:$B$10001)*($AP9 = [2]SalmonProps!$F$2:$F$10001) *($AR9 = [2]SalmonProps!$G$2:$G$10001),0), 15))} -> 0.4804 | AE9: 0.0639 | AF9: 0.0632 | AG9: 0.2357 | AH9: {=IF(ISBLANK($AQ9), "", INDEX([2]SalmonProps!$A$2:$AA$10001,MATCH(1,($A9=[2]SalmonProps!$A$2:$A$10001)*($AP9 = [2]SalmonProps!$F$2:$F$10001) *($AR9 = [2]SalmonProps!$G$2:$G$10001),0), 24))} -> NA | AI9: {=IF(ISBLANK($AQ9), "", INDEX([2]SalmonProps!$A$2:$AA$10001,MATCH(1,($A9=[2]SalmonProps!$A$2:$A$10001)*($AP9 = [2]SalmonProps!$F$2:$F$10001) *($AR9 = [2]SalmonProps!$G$2:$G$10001),0), 25))} -> NA | AJ9: {=IF(ISBLANK($AQ9), "", INDEX([2]SalmonProps!$A$2:$AA$10001,MATCH(1,($A9=[2]SalmonProps!$A$2:$A$10001)*($AP9 = [2]SalmonProps!$F$2:$F$10001) *($AR9 = [2]SalmonProps!$G$2:$G$10001),0), 20))} -> 61.4 | AK9: {=IF(ISBLANK($AQ9), "", INDEX([2]SalmonProps!$A$2:$AA$10001,MATCH(1,($A9=[2]SalmonProps!$A$2:$A$10001)*($AP9 = [2]SalmonProps!$F$2:$F$10001) *($AR9 = [2]SalmonProps!$G$2:$G$10001),0), 21))} -> 5 | AL9: {=IF(ISBLANK($AQ9), "", INDEX([2]SalmonProps!$A$2:$AA$10001,MATCH(1,($A9=[2]SalmonProps!$A$2:$A$10001)*($AP9 = [2]SalmonProps!$F$2:$F$10001) *($AR9 = [2]SalmonProps!$G$2:$G$10001),0), 22))} -> 75.1 | AM9: {=IF(ISBLANK($AQ9), "", INDEX([2]SalmonProps!$A$2:$AA$10001,MATCH(1,($A9=[2]SalmonProps!$A$2:$A$10001)*($AP9 = [2]SalmonProps!$F$2:$F$10001) *($AR9 = [2]SalmonProps!$G$2:$G$10001),0), 23))} -> 7.6 | AN9: {=IF(ISBLANK($AQ9), "", INDEX([2]SalmonProps!$A$2:$AA$10001,MATCH(1,($A9=[2]SalmonProps!$A$2:$A$10001)*($AP9 = [2]SalmonProps!$F$2:$F$10001) *($AR9 = [2]SalmonProps!$G$2:$G$10001),0), 26))} -> NA | AO9: {=IF(ISBLANK($AQ9), "", INDEX([2]SalmonProps!$A$2:$AA$10001,MATCH(1,($A9=[2]SalmonProps!$A$2:$A$10001)*($AP9 = [2]SalmonProps!$F$2:$F$10001) *($AR9 = [2]SalmonProps!$G$2:$G$10001),0), 27))} -> NA | AP9: 3 | AQ9: ML - Unweighted | AR9: =INDEX($AT$2:$AU$5, MATCH(AQ9,$AT$2:$AT$5, 0), 2) -> Unweighted
A10: ='[1]Passage Estimates'!$A10 -> 45112 | B10: {=IF(ISBLANK($AQ10), "", INDEX([2]SalmonProps!$A$2:$AA$10001,MATCH(1,($A10=[2]SalmonProps!$A$2:$A$10001)*(1=[2]SalmonProps!$C$2:$C$10001)*(1=[2]SalmonProps!$D$2:$D$10001)*("A1" = [2]SalmonProps!$B$2:$B$10001)*($AP10 = [2]SalmonProps!$F$2:$F$10001) *($AR10 = [2]SalmonProps!$G$2:$G$10001),0), 17))} -> 0 | C10: {=IF(ISBLANK($AQ10), "", INDEX([2]SalmonProps!$A$2:$AA$10001,MATCH(1,($A10=[2]SalmonProps!$A$2:$A$10001)*(1=[2]SalmonProps!$C$2:$C$10001)*(2=[2]SalmonProps!$D$2:$D$10001)*("A1" = [2]SalmonProps!$B$2:$B$10001)*($AP10 = [2]SalmonProps!$F$2:$F$10001) *($AR10 = [2]SalmonProps!$G$2:$G$10001),0), 17))} -> 0 | D10: {=IF(ISBLANK($AQ10), "", INDEX([2]SalmonProps!$A$2:$AA$10001,MATCH(1,($A10=[2]SalmonProps!$A$2:$A$10001)*(1=[2]SalmonProps!$C$2:$C$10001)*("1&2"=[2]SalmonProps!$D$2:$D$10001)*("A1" = [2]SalmonProps!$B$2:$B$10001)*($AP10 = [2]SalmonProps!$F$2:$F$10001) *($AR10 = [2]SalmonProps!$G$2:$G$10001),0), 17))} -> 0 | E10: {=IF(ISBLANK($AQ10), "", INDEX([2]SalmonProps!$A$2:$AA$10001,MATCH(1,($A10=[2]SalmonProps!$A$2:$A$10001)*(2=[2]SalmonProps!$C$2:$C$10001)*(3=[2]SalmonProps!$D$2:$D$10001)*("A1" = [2]SalmonProps!$B$2:$B$10001)*($AP10 = [2]SalmonProps!$F$2:$F$10001) *($AR10 = [2]SalmonProps!$G$2:$G$10001),0), 17))} -> 0.0695 | F10: {=IF(ISBLANK($AQ10), "", INDEX([2]SalmonProps!$A$2:$AA$10001,MATCH(1,($A10=[2]SalmonProps!$A$2:$A$10001)*(3=[2]SalmonProps!$C$2:$C$10001)*(3=[2]SalmonProps!$D$2:$D$10001)*("A1" = [2]SalmonProps!$B$2:$B$10001)*($AP10 = [2]SalmonProps!$F$2:$F$10001) *($AR10 = [2]SalmonProps!$G$2:$G$10001),0), 17))} -> 0.4004 | G10: 0 | H10: 0.0333 | I10: 0.0694 | J10: {=IF(ISBLANK($AQ10), "", INDEX([2]SalmonProps!$A$2:$AA$10001,MATCH(1,($A10=[2]SalmonProps!$A$2:$A$10001)*(1=[2]SalmonProps!$C$2:$C$10001)*(1=[2]SalmonProps!$D$2:$D$10001)*("A1" = [2]SalmonProps!$B$2:$B$10001)*($AP10 = [2]SalmonProps!$F$2:$F$10001) *($AR10 = [2]SalmonProps!$G$2:$G$10001),0), 19))} -> NA | K10: {=IF(ISBLANK($AQ10), "", INDEX([2]SalmonProps!$A$2:$AA$10001,MATCH(1,($A10=[2]SalmonProps!$A$2:$A$10001)*(1=[2]SalmonProps!$C$2:$C$10001)*(2=[2]SalmonProps!$D$2:$D$10001)*("A1" = [2]SalmonProps!$B$2:$B$10001)*($AP10 = [2]SalmonProps!$F$2:$F$10001) *($AR10 = [2]SalmonProps!$G$2:$G$10001),0), 19))} -> NA | L10: {=IF(ISBLANK($AQ10), "", INDEX([2]SalmonProps!$A$2:$AA$10001,MATCH(1,($A10=[2]SalmonProps!$A$2:$A$10001)*(1=[2]SalmonProps!$C$2:$C$10001)*("1&2"=[2]SalmonProps!$D$2:$D$10001)*("A1" = [2]SalmonProps!$B$2:$B$10001)*($AP10 = [2]SalmonProps!$F$2:$F$10001) *($AR10 = [2]SalmonProps!$G$2:$G$10001),0), 19))} -> NA | M10: {=IF(ISBLANK($AQ10), "", INDEX([2]SalmonProps!$A$2:$AA$10001,MATCH(1,($A10=[2]SalmonProps!$A$2:$A$10001)*(2=[2]SalmonProps!$C$2:$C$10001)*(3=[2]SalmonProps!$D$2:$D$10001)*("A1" = [2]SalmonProps!$B$2:$B$10001)*($AP10 = [2]SalmonProps!$F$2:$F$10001) *($AR10 = [2]SalmonProps!$G$2:$G$10001),0), 19))} -> NA | N10: {=IF(ISBLANK($AQ10), "", INDEX([2]SalmonProps!$A$2:$AA$10001,MATCH(1,($A10=[2]SalmonProps!$A$2:$A$10001)*(3=[2]SalmonProps!$C$2:$C$10001)*(3=[2]SalmonProps!$D$2:$D$10001)*("A1" = [2]SalmonProps!$B$2:$B$10001)*($AP10 = [2]SalmonProps!$F$2:$F$10001) *($AR10 = [2]SalmonProps!$G$2:$G$10001),0), 19))} -> NA | O10: {=IF(ISBLANK($AQ10), "", INDEX([2]SalmonProps!$A$2:$AA$10001,MATCH(1,($A10=[2]SalmonProps!$A$2:$A$10001)*(1=[2]SalmonProps!$C$2:$C$10001)*(1=[2]SalmonProps!$D$2:$D$10001)*("A2" = [2]SalmonProps!$B$2:$B$10001)*($AP10 = [2]SalmonProps!$F$2:$F$10001) *($AR10 = [2]SalmonProps!$G$2:$G$10001),0), 19))} -> #N/A | P10: {=IF(ISBLANK($AQ10), "", INDEX([2]SalmonProps!$A$2:$AA$10001,MATCH(1,($A10=[2]SalmonProps!$A$2:$A$10001)*(2=[2]SalmonProps!$C$2:$C$10001)*(1=[2]SalmonProps!$D$2:$D$10001)*("A2" = [2]SalmonProps!$B$2:$B$10001)*($AP10 = [2]SalmonProps!$F$2:$F$10001) *($AR10 = [2]SalmonProps!$G$2:$G$10001),0), 19))} -> #N/A | Q10: {=IF(ISBLANK($AQ10), "", INDEX([2]SalmonProps!$A$2:$AA$10001,MATCH(1,($A10=[2]SalmonProps!$A$2:$A$10001)*(3=[2]SalmonProps!$C$2:$C$10001)*(1=[2]SalmonProps!$D$2:$D$10001)*("A2" = [2]SalmonProps!$B$2:$B$10001)*($AP10 = [2]SalmonProps!$F$2:$F$10001) *($AR10 = [2]SalmonProps!$G$2:$G$10001),0), 19))} -> #N/A | R10: {=IF(ISBLANK($AQ10), "", INDEX([2]SalmonProps!$A$2:$AA$10001,MATCH(1,($A10=[2]SalmonProps!$A$2:$A$10001)*(1=[2]SalmonProps!$C$2:$C$10001)*(1=[2]SalmonProps!$D$2:$D$10001)*("A1" = [2]SalmonProps!$B$2:$B$10001)*($AP10 = [2]SalmonProps!$F$2:$F$10001) *($AR10 = [2]SalmonProps!$G$2:$G$10001),0), 18))} -> NA | S10: {=IF(ISBLANK($AQ10), "", INDEX([2]SalmonProps!$A$2:$AA$10001,MATCH(1,($A10=[2]SalmonProps!$A$2:$A$10001)*(1=[2]SalmonProps!$C$2:$C$10001)*(2=[2]SalmonProps!$D$2:$D$10001)*("A1" = [2]SalmonProps!$B$2:$B$10001)*($AP10 = [2]SalmonProps!$F$2:$F$10001) *($AR10 = [2]SalmonProps!$G$2:$G$10001),0), 18))} -> NA | T10: {=IF(ISBLANK($AQ10), "", INDEX([2]SalmonProps!$A$2:$AA$10001,MATCH(1,($A10=[2]SalmonProps!$A$2:$A$10001)*(1=[2]SalmonProps!$C$2:$C$10001)*("1&2"=[2]SalmonProps!$D$2:$D$10001)*("A1" = [2]SalmonProps!$B$2:$B$10001)*($AP10 = [2]SalmonProps!$F$2:$F$10001) *($AR10 = [2]SalmonProps!$G$2:$G$10001),0), 18))} -> NA | U10: {=IF(ISBLANK($AQ10), "", INDEX([2]SalmonProps!$A$2:$AA$10001,MATCH(1,($A10=[2]SalmonProps!$A$2:$A$10001)*(2=[2]SalmonProps!$C$2:$C$10001)*(3=[2]SalmonProps!$D$2:$D$10001)*("A1" = [2]SalmonProps!$B$2:$B$10001)*($AP10 = [2]SalmonProps!$F$2:$F$10001) *($AR10 = [2]SalmonProps!$G$2:$G$10001),0), 18))} -> NA | V10: {=IF(ISBLANK($AQ10), "", INDEX([2]SalmonProps!$A$2:$AA$10001,MATCH(1,($A10=[2]SalmonProps!$A$2:$A$10001)*(3=[2]SalmonProps!$C$2:$C$10001)*(3=[2]SalmonProps!$D$2:$D$10001)*("A1" = [2]SalmonProps!$B$2:$B$10001)*($AP10 = [2]SalmonProps!$F$2:$F$10001) *($AR10 = [2]SalmonProps!$G$2:$G$10001),0), 18))} -> NA | W10: {=IF(ISBLANK($AQ10), "", INDEX([2]SalmonProps!$A$2:$AA$10001,MATCH(1,($A10=[2]SalmonProps!$A$2:$A$10001)*(1=[2]SalmonProps!$C$2:$C$10001)*(1=[2]SalmonProps!$D$2:$D$10001)*("A2" = [2]SalmonProps!$B$2:$B$10001)*($AP10 = [2]SalmonProps!$F$2:$F$10001) *($AR10 = [2]SalmonProps!$G$2:$G$10001),0), 18))} -> #N/A | X10: {=IF(ISBLANK($AQ10), "", INDEX([2]SalmonProps!$A$2:$AA$10001,MATCH(1,($A10=[2]SalmonProps!$A$2:$A$10001)*(2=[2]SalmonProps!$C$2:$C$10001)*(1=[2]SalmonProps!$D$2:$D$10001)*("A2" = [2]SalmonProps!$B$2:$B$10001)*($AP10 = [2]SalmonProps!$F$2:$F$10001) *($AR10 = [2]SalmonProps!$G$2:$G$10001),0), 18))} -> #N/A | Y10: {=IF(ISBLANK($AQ10), "", INDEX([2]SalmonProps!$A$2:$AA$10001,MATCH(1,($A10=[2]SalmonProps!$A$2:$A$10001)*(3=[2]SalmonProps!$C$2:$C$10001)*(1=[2]SalmonProps!$D$2:$D$10001)*("A2" = [2]SalmonProps!$B$2:$B$10001)*($AP10 = [2]SalmonProps!$F$2:$F$10001) *($AR10 = [2]SalmonProps!$G$2:$G$10001),0), 18))} -> #N/A | Z10: {=IF(ISBLANK($AQ10), "", INDEX([2]SalmonProps!$A$2:$AA$10001,MATCH(1,($A10=[2]SalmonProps!$A$2:$A$10001)*(1=[2]SalmonProps!$C$2:$C$10001)*(1=[2]SalmonProps!$D$2:$D$10001)*("A1" = [2]SalmonProps!$B$2:$B$10001)*($AP10 = [2]SalmonProps!$F$2:$F$10001) *($AR10 = [2]SalmonProps!$G$2:$G$10001),0), 15))} -> 0.0446 | AA10: {=IF(ISBLANK($AQ10), "", INDEX([2]SalmonProps!$A$2:$AA$10001,MATCH(1,($A10=[2]SalmonProps!$A$2:$A$10001)*(1=[2]SalmonProps!$C$2:$C$10001)*(2=[2]SalmonProps!$D$2:$D$10001)*("A1" = [2]SalmonProps!$B$2:$B$10001)*($AP10 = [2]SalmonProps!$F$2:$F$10001) *($AR10 = [2]SalmonProps!$G$2:$G$10001),0), 15))} -> 0.0206 | AB10: {=IF(ISBLANK($AQ10), "", INDEX([2]SalmonProps!$A$2:$AA$10001,MATCH(1,($A10=[2]SalmonProps!$A$2:$A$10001)*(1=[2]SalmonProps!$C$2:$C$10001)*("1&2"=[2]SalmonProps!$D$2:$D$10001)*("A1" = [2]SalmonProps!$B$2:$B$10001)*($AP10 = [2]SalmonProps!$F$2:$F$10001) *($AR10 = [2]SalmonProps!$G$2:$G$10001),0), 15))} -> 0.0274 | AC10: {=IF(ISBLANK($AQ10), "", INDEX([2]SalmonProps!$A$2:$AA$10001,MATCH(1,($A10=[2]SalmonProps!$A$2:$A$10001)*(2=[2]SalmonProps!$C$2:$C$10001)*(3=[2]SalmonProps!$D$2:$D$10001)*("A1" = [2]SalmonProps!$B$2:$B$10001)*($AP10 = [2]SalmonProps!$F$2:$F$10001) *($AR10 = [2]SalmonProps!$G$2:$G$10001),0), 15))} -> 0.2428 | AD10: {=IF(ISBLANK($AQ10), "", INDEX([2]SalmonProps!$A$2:$AA$10001,MATCH(1,($A10=[2]SalmonProps!$A$2:$A$10001)*(3=[2]SalmonProps!$C$2:$C$10001)*(3=[2]SalmonProps!$D$2:$D$10001)*("A1" = [2]SalmonProps!$B$2:$B$10001)*($AP10 = [2]SalmonProps!$F$2:$F$10001) *($AR10 = [2]SalmonProps!$G$2:$G$10001),0), 15))} -> 0.4004 | AE10: 0.0639 | AF10: 0.0632 | AG10: 0.2357 | AH10: {=IF(ISBLANK($AQ10), "", INDEX([2]SalmonProps!$A$2:$AA$10001,MATCH(1,($A10=[2]SalmonProps!$A$2:$A$10001)*($AP10 = [2]SalmonProps!$F$2:$F$10001) *($AR10 = [2]SalmonProps!$G$2:$G$10001),0), 24))} -> NA | AI10: {=IF(ISBLANK($AQ10), "", INDEX([2]SalmonProps!$A$2:$AA$10001,MATCH(1,($A10=[2]SalmonProps!$A$2:$A$10001)*($AP10 = [2]SalmonProps!$F$2:$F$10001) *($AR10 = [2]SalmonProps!$G$2:$G$10001),0), 25))} -> NA | AJ10: {=IF(ISBLANK($AQ10), "", INDEX([2]SalmonProps!$A$2:$AA$10001,MATCH(1,($A10=[2]SalmonProps!$A$2:$A$10001)*($AP10 = [2]SalmonProps!$F$2:$F$10001) *($AR10 = [2]SalmonProps!$G$2:$G$10001),0), 20))} -> 61.4 | AK10: {=IF(ISBLANK($AQ10), "", INDEX([2]SalmonProps!$A$2:$AA$10001,MATCH(1,($A10=[2]SalmonProps!$A$2:$A$10001)*($AP10 = [2]SalmonProps!$F$2:$F$10001) *($AR10 = [2]SalmonProps!$G$2:$G$10001),0), 21))} -> 5 | AL10: {=IF(ISBLANK($AQ10), "", INDEX([2]SalmonProps!$A$2:$AA$10001,MATCH(1,($A10=[2]SalmonProps!$A$2:$A$10001)*($AP10 = [2]SalmonProps!$F$2:$F$10001) *($AR10 = [2]SalmonProps!$G$2:$G$10001),0), 22))} -> 75.1 | AM10: {=IF(ISBLANK($AQ10), "", INDEX([2]SalmonProps!$A$2:$AA$10001,MATCH(1,($A10=[2]SalmonProps!$A$2:$A$10001)*($AP10 = [2]SalmonProps!$F$2:$F$10001) *($AR10 = [2]SalmonProps!$G$2:$G$10001),0), 23))} -> 7.6 | AN10: {=IF(ISBLANK($AQ10), "", INDEX([2]SalmonProps!$A$2:$AA$10001,MATCH(1,($A10=[2]SalmonProps!$A$2:$A$10001)*($AP10 = [2]SalmonProps!$F$2:$F$10001) *($AR10 = [2]SalmonProps!$G$2:$G$10001),0), 26))} -> NA | AO10: {=IF(ISBLANK($AQ10), "", INDEX([2]SalmonProps!$A$2:$AA$10001,MATCH(1,($A10=[2]SalmonProps!$A$2:$A$10001)*($AP10 = [2]SalmonProps!$F$2:$F$10001) *($AR10 = [2]SalmonProps!$G$2:$G$10001),0), 27))} -> NA | AP10: 3 | AQ10: ML - Unweighted | AR10: =INDEX($AT$2:$AU$5, MATCH(AQ10,$AT$2:$AT$5, 0), 2) -> Unweighted
A11: ='[1]Passage Estimates'!$A11 -> 45113 | B11: {=IF(ISBLANK($AQ11), "", INDEX([2]SalmonProps!$A$2:$AA$10001,MATCH(1,($A11=[2]SalmonProps!$A$2:$A$10001)*(1=[2]SalmonProps!$C$2:$C$10001)*(1=[2]SalmonProps!$D$2:$D$10001)*("A1" = [2]SalmonProps!$B$2:$B$10001)*($AP11 = [2]SalmonProps!$F$2:$F$10001) *($AR11 = [2]SalmonProps!$G$2:$G$10001),0), 17))} -> 0 | C11: {=IF(ISBLANK($AQ11), "", INDEX([2]SalmonProps!$A$2:$AA$10001,MATCH(1,($A11=[2]SalmonProps!$A$2:$A$10001)*(1=[2]SalmonProps!$C$2:$C$10001)*(2=[2]SalmonProps!$D$2:$D$10001)*("A1" = [2]SalmonProps!$B$2:$B$10001)*($AP11 = [2]SalmonProps!$F$2:$F$10001) *($AR11 = [2]SalmonProps!$G$2:$G$10001),0), 17))} -> 0 | D11: {=IF(ISBLANK($AQ11), "", INDEX([2]SalmonProps!$A$2:$AA$10001,MATCH(1,($A11=[2]SalmonProps!$A$2:$A$10001)*(1=[2]SalmonProps!$C$2:$C$10001)*("1&2"=[2]SalmonProps!$D$2:$D$10001)*("A1" = [2]SalmonProps!$B$2:$B$10001)*($AP11 = [2]SalmonProps!$F$2:$F$10001) *($AR11 = [2]SalmonProps!$G$2:$G$10001),0), 17))} -> 0 | E11: {=IF(ISBLANK($AQ11), "", INDEX([2]SalmonProps!$A$2:$AA$10001,MATCH(1,($A11=[2]SalmonProps!$A$2:$A$10001)*(2=[2]SalmonProps!$C$2:$C$10001)*(3=[2]SalmonProps!$D$2:$D$10001)*("A1" = [2]SalmonProps!$B$2:$B$10001)*($AP11 = [2]SalmonProps!$F$2:$F$10001) *($AR11 = [2]SalmonProps!$G$2:$G$10001),0), 17))} -> 0.1125 | F11: {=IF(ISBLANK($AQ11), "", INDEX([2]SalmonProps!$A$2:$AA$10001,MATCH(1,($A11=[2]SalmonProps!$A$2:$A$10001)*(3=[2]SalmonProps!$C$2:$C$10001)*(3=[2]SalmonProps!$D$2:$D$10001)*("A1" = [2]SalmonProps!$B$2:$B$10001)*($AP11 = [2]SalmonProps!$F$2:$F$10001) *($AR11 = [2]SalmonProps!$G$2:$G$10001),0), 17))} -> 0.3116 | G11: 0 | H11: 0.0333 | I11: 0.0694 | J11: {=IF(ISBLANK($AQ11), "", INDEX([2]SalmonProps!$A$2:$AA$10001,MATCH(1,($A11=[2]SalmonProps!$A$2:$A$10001)*(1=[2]SalmonProps!$C$2:$C$10001)*(1=[2]SalmonProps!$D$2:$D$10001)*("A1" = [2]SalmonProps!$B$2:$B$10001)*($AP11 = [2]SalmonProps!$F$2:$F$10001) *($AR11 = [2]SalmonProps!$G$2:$G$10001),0), 19))} -> NA | K11: {=IF(ISBLANK($AQ11), "", INDEX([2]SalmonProps!$A$2:$AA$10001,MATCH(1,($A11=[2]SalmonProps!$A$2:$A$10001)*(1=[2]SalmonProps!$C$2:$C$10001)*(2=[2]SalmonProps!$D$2:$D$10001)*("A1" = [2]SalmonProps!$B$2:$B$10001)*($AP11 = [2]SalmonProps!$F$2:$F$10001) *($AR11 = [2]SalmonProps!$G$2:$G$10001),0), 19))} -> NA | L11: {=IF(ISBLANK($AQ11), "", INDEX([2]SalmonProps!$A$2:$AA$10001,MATCH(1,($A11=[2]SalmonProps!$A$2:$A$10001)*(1=[2]SalmonProps!$C$2:$C$10001)*("1&2"=[2]SalmonProps!$D$2:$D$10001)*("A1" = [2]SalmonProps!$B$2:$B$10001)*($AP11 = [2]SalmonProps!$F$2:$F$10001) *($AR11 = [2]SalmonProps!$G$2:$G$10001),0), 19))} -> NA | M11: {=IF(ISBLANK($AQ11), "", INDEX([2]SalmonProps!$A$2:$AA$10001,MATCH(1,($A11=[2]SalmonProps!$A$2:$A$10001)*(2=[2]SalmonProps!$C$2:$C$10001)*(3=[2]SalmonProps!$D$2:$D$10001)*("A1" = [2]SalmonProps!$B$2:$B$10001)*($AP11 = [2]SalmonProps!$F$2:$F$10001) *($AR11 = [2]SalmonProps!$G$2:$G$10001),0), 19))} -> NA | N11: {=IF(ISBLANK($AQ11), "", INDEX([2]SalmonProps!$A$2:$AA$10001,MATCH(1,($A11=[2]SalmonProps!$A$2:$A$10001)*(3=[2]SalmonProps!$C$2:$C$10001)*(3=[2]SalmonProps!$D$2:$D$10001)*("A1" = [2]SalmonProps!$B$2:$B$10001)*($AP11 = [2]SalmonProps!$F$2:$F$10001) *($AR11 = [2]SalmonProps!$G$2:$G$10001),0), 19))} -> NA | O11: {=IF(ISBLANK($AQ11), "", INDEX([2]SalmonProps!$A$2:$AA$10001,MATCH(1,($A11=[2]SalmonProps!$A$2:$A$10001)*(1=[2]SalmonProps!$C$2:$C$10001)*(1=[2]SalmonProps!$D$2:$D$10001)*("A2" = [2]SalmonProps!$B$2:$B$10001)*($AP11 = [2]SalmonProps!$F$2:$F$10001) *($AR11 = [2]SalmonProps!$G$2:$G$10001),0), 19))} -> NA | P11: {=IF(ISBLANK($AQ11), "", INDEX([2]SalmonProps!$A$2:$AA$10001,MATCH(1,($A11=[2]SalmonProps!$A$2:$A$10001)*(2=[2]SalmonProps!$C$2:$C$10001)*(1=[2]SalmonProps!$D$2:$D$10001)*("A2" = [2]SalmonProps!$B$2:$B$10001)*($AP11 = [2]SalmonProps!$F$2:$F$10001) *($AR11 = [2]SalmonProps!$G$2:$G$10001),0), 19))} -> #N/A | Q11: {=IF(ISBLANK($AQ11), "", INDEX([2]SalmonProps!$A$2:$AA$10001,MATCH(1,($A11=[2]SalmonProps!$A$2:$A$10001)*(3=[2]SalmonProps!$C$2:$C$10001)*(1=[2]SalmonProps!$D$2:$D$10001)*("A2" = [2]SalmonProps!$B$2:$B$10001)*($AP11 = [2]SalmonProps!$F$2:$F$10001) *($AR11 = [2]SalmonProps!$G$2:$G$10001),0), 19))} -> #N/A | R11: {=IF(ISBLANK($AQ11), "", INDEX([2]SalmonProps!$A$2:$AA$10001,MATCH(1,($A11=[2]SalmonProps!$A$2:$A$10001)*(1=[2]SalmonProps!$C$2:$C$10001)*(1=[2]SalmonProps!$D$2:$D$10001)*("A1" = [2]SalmonProps!$B$2:$B$10001)*($AP11 = [2]SalmonProps!$F$2:$F$10001) *($AR11 = [2]SalmonProps!$G$2:$G$10001),0), 18))} -> NA | S11: {=IF(ISBLANK($AQ11), "", INDEX([2]SalmonProps!$A$2:$AA$10001,MATCH(1,($A11=[2]SalmonProps!$A$2:$A$10001)*(1=[2]SalmonProps!$C$2:$C$10001)*(2=[2]SalmonProps!$D$2:$D$10001)*("A1" = [2]SalmonProps!$B$2:$B$10001)*($AP11 = [2]SalmonProps!$F$2:$F$10001) *($AR11 = [2]SalmonProps!$G$2:$G$10001),0), 18))} -> NA | T11: {=IF(ISBLANK($AQ11), "", INDEX([2]SalmonProps!$A$2:$AA$10001,MATCH(1,($A11=[2]SalmonProps!$A$2:$A$10001)*(1=[2]SalmonProps!$C$2:$C$10001)*("1&2"=[2]SalmonProps!$D$2:$D$10001)*("A1" = [2]SalmonProps!$B$2:$B$10001)*($AP11 = [2]SalmonProps!$F$2:$F$10001) *($AR11 = [2]SalmonProps!$G$2:$G$10001),0), 18))} -> NA | U11: {=IF(ISBLANK($AQ11), "", INDEX([2]SalmonProps!$A$2:$AA$10001,MATCH(1,($A11=[2]SalmonProps!$A$2:$A$10001)*(2=[2]SalmonProps!$C$2:$C$10001)*(3=[2]SalmonProps!$D$2:$D$10001)*("A1" = [2]SalmonProps!$B$2:$B$10001)*($AP11 = [2]SalmonProps!$F$2:$F$10001) *($AR11 = [2]SalmonProps!$G$2:$G$10001),0), 18))} -> NA | V11: {=IF(ISBLANK($AQ11), "", INDEX([2]SalmonProps!$A$2:$AA$10001,MATCH(1,($A11=[2]SalmonProps!$A$2:$A$10001)*(3=[2]SalmonProps!$C$2:$C$10001)*(3=[2]SalmonProps!$D$2:$D$10001)*("A1" = [2]SalmonProps!$B$2:$B$10001)*($AP11 = [2]SalmonProps!$F$2:$F$10001) *($AR11 = [2]SalmonProps!$G$2:$G$10001),0), 18))} -> NA | W11: {=IF(ISBLANK($AQ11), "", INDEX([2]SalmonProps!$A$2:$AA$10001,MATCH(1,($A11=[2]SalmonProps!$A$2:$A$10001)*(1=[2]SalmonProps!$C$2:$C$10001)*(1=[2]SalmonProps!$D$2:$D$10001)*("A2" = [2]SalmonProps!$B$2:$B$10001)*($AP11 = [2]SalmonProps!$F$2:$F$10001) *($AR11 = [2]SalmonProps!$G$2:$G$10001),0), 18))} -> NA | X11: {=IF(ISBLANK($AQ11), "", INDEX([2]SalmonProps!$A$2:$AA$10001,MATCH(1,($A11=[2]SalmonProps!$A$2:$A$10001)*(2=[2]SalmonProps!$C$2:$C$10001)*(1=[2]SalmonProps!$D$2:$D$10001)*("A2" = [2]SalmonProps!$B$2:$B$10001)*($AP11 = [2]SalmonProps!$F$2:$F$10001) *($AR11 = [2]SalmonProps!$G$2:$G$10001),0), 18))} -> #N/A | Y11: {=IF(ISBLANK($AQ11), "", INDEX([2]SalmonProps!$A$2:$AA$10001,MATCH(1,($A11=[2]SalmonProps!$A$2:$A$10001)*(3=[2]SalmonProps!$C$2:$C$10001)*(1=[2]SalmonProps!$D$2:$D$10001)*("A2" = [2]SalmonProps!$B$2:$B$10001)*($AP11 = [2]SalmonProps!$F$2:$F$10001) *($AR11 = [2]SalmonProps!$G$2:$G$10001),0), 18))} -> #N/A | Z11: {=IF(ISBLANK($AQ11), "", INDEX([2]SalmonProps!$A$2:$AA$10001,MATCH(1,($A11=[2]SalmonProps!$A$2:$A$10001)*(1=[2]SalmonProps!$C$2:$C$10001)*(1=[2]SalmonProps!$D$2:$D$10001)*("A1" = [2]SalmonProps!$B$2:$B$10001)*($AP11 = [2]SalmonProps!$F$2:$F$10001) *($AR11 = [2]SalmonProps!$G$2:$G$10001),0), 15))} -> 0.0618 | AA11: {=IF(ISBLANK($AQ11), "", INDEX([2]SalmonProps!$A$2:$AA$10001,MATCH(1,($A11=[2]SalmonProps!$A$2:$A$10001)*(1=[2]SalmonProps!$C$2:$C$10001)*(2=[2]SalmonProps!$D$2:$D$10001)*("A1" = [2]SalmonProps!$B$2:$B$10001)*($AP11 = [2]SalmonProps!$F$2:$F$10001) *($AR11 = [2]SalmonProps!$G$2:$G$10001),0), 15))} -> 0.0056 | AB11: {=IF(ISBLANK($AQ11), "", INDEX([2]SalmonProps!$A$2:$AA$10001,MATCH(1,($A11=[2]SalmonProps!$A$2:$A$10001)*(1=[2]SalmonProps!$C$2:$C$10001)*("1&2"=[2]SalmonProps!$D$2:$D$10001)*("A1" = [2]SalmonProps!$B$2:$B$10001)*($AP11 = [2]SalmonProps!$F$2:$F$10001) *($AR11 = [2]SalmonProps!$G$2:$G$10001),0), 15))} -> 0.0325 | AC11: {=IF(ISBLANK($AQ11), "", INDEX([2]SalmonProps!$A$2:$AA$10001,MATCH(1,($A11=[2]SalmonProps!$A$2:$A$10001)*(2=[2]SalmonProps!$C$2:$C$10001)*(3=[2]SalmonProps!$D$2:$D$10001)*("A1" = [2]SalmonProps!$B$2:$B$10001)*($AP11 = [2]SalmonProps!$F$2:$F$10001) *($AR11 = [2]SalmonProps!$G$2:$G$10001),0), 15))} -> 0.1761 | AD11: {=IF(ISBLANK($AQ11), "", INDEX([2]SalmonProps!$A$2:$AA$10001,MATCH(1,($A11=[2]SalmonProps!$A$2:$A$10001)*(3=[2]SalmonProps!$C$2:$C$10001)*(3=[2]SalmonProps!$D$2:$D$10001)*("A1" = [2]SalmonProps!$B$2:$B$10001)*($AP11 = [2]SalmonProps!$F$2:$F$10001) *($AR11 = [2]SalmonProps!$G$2:$G$10001),0), 15))} -> 0.4656 | AE11: 0.0639 | AF11: 0.0632 | AG11: 0.2357 | AH11: {=IF(ISBLANK($AQ11), "", INDEX([2]SalmonProps!$A$2:$AA$10001,MATCH(1,($A11=[2]SalmonProps!$A$2:$A$10001)*($AP11 = [2]SalmonProps!$F$2:$F$10001) *($AR11 = [2]SalmonProps!$G$2:$G$10001),0), 24))} -> NA | AI11: {=IF(ISBLANK($AQ11), "", INDEX([2]SalmonProps!$A$2:$AA$10001,MATCH(1,($A11=[2]SalmonProps!$A$2:$A$10001)*($AP11 = [2]SalmonProps!$F$2:$F$10001) *($AR11 = [2]SalmonProps!$G$2:$G$10001),0), 25))} -> NA | AJ11: {=IF(ISBLANK($AQ11), "", INDEX([2]SalmonProps!$A$2:$AA$10001,MATCH(1,($A11=[2]SalmonProps!$A$2:$A$10001)*($AP11 = [2]SalmonProps!$F$2:$F$10001) *($AR11 = [2]SalmonProps!$G$2:$G$10001),0), 20))} -> 61.4 | AK11: {=IF(ISBLANK($AQ11), "", INDEX([2]SalmonProps!$A$2:$AA$10001,MATCH(1,($A11=[2]SalmonProps!$A$2:$A$10001)*($AP11 = [2]SalmonProps!$F$2:$F$10001) *($AR11 = [2]SalmonProps!$G$2:$G$10001),0), 21))} -> 5 | AL11: {=IF(ISBLANK($AQ11), "", INDEX([2]SalmonProps!$A$2:$AA$10001,MATCH(1,($A11=[2]SalmonProps!$A$2:$A$10001)*($AP11 = [2]SalmonProps!$F$2:$F$10001) *($AR11 = [2]SalmonProps!$G$2:$G$10001),0), 22))} -> 75.1 | AM11: {=IF(ISBLANK($AQ11), "", INDEX([2]SalmonProps!$A$2:$AA$10001,MATCH(1,($A11=[2]SalmonProps!$A$2:$A$10001)*($AP11 = [2]SalmonProps!$F$2:$F$10001) *($AR11 = [2]SalmonProps!$G$2:$G$10001),0), 23))} -> 7.6 | AN11: {=IF(ISBLANK($AQ11), "", INDEX([2]SalmonProps!$A$2:$AA$10001,MATCH(1,($A11=[2]SalmonProps!$A$2:$A$10001)*($AP11 = [2]SalmonProps!$F$2:$F$10001) *($AR11 = [2]SalmonProps!$G$2:$G$10001),0), 26))} -> NA | AO11: {=IF(ISBLANK($AQ11), "", INDEX([2]SalmonProps!$A$2:$AA$10001,MATCH(1,($A11=[2]SalmonProps!$A$2:$A$10001)*($AP11 = [2]SalmonProps!$F$2:$F$10001) *($AR11 = [2]SalmonProps!$G$2:$G$10001),0), 27))} -> NA | AP11: 3 | AQ11: ML - Unweighted | AR11: =INDEX($AT$2:$AU$5, MATCH(AQ11,$AT$2:$AT$5, 0), 2) -> Unweighted
A12: ='[1]Passage Estimates'!$A12 -> 45114 | B12: {=IF(ISBLANK($AQ12), "", INDEX([2]SalmonProps!$A$2:$AA$10001,MATCH(1,($A12=[2]SalmonProps!$A$2:$A$10001)*(1=[2]SalmonProps!$C$2:$C$10001)*(1=[2]SalmonProps!$D$2:$D$10001)*("A1" = [2]SalmonProps!$B$2:$B$10001)*($AP12 = [2]SalmonProps!$F$2:$F$10001) *($AR12 = [2]SalmonProps!$G$2:$G$10001),0), 17))} -> 0 | C12: {=IF(ISBLANK($AQ12), "", INDEX([2]SalmonProps!$A$2:$AA$10001,MATCH(1,($A12=[2]SalmonProps!$A$2:$A$10001)*(1=[2]SalmonProps!$C$2:$C$10001)*(2=[2]SalmonProps!$D$2:$D$10001)*("A1" = [2]SalmonProps!$B$2:$B$10001)*($AP12 = [2]SalmonProps!$F$2:$F$10001) *($AR12 = [2]SalmonProps!$G$2:$G$10001),0), 17))} -> 0 | D12: {=IF(ISBLANK($AQ12), "", INDEX([2]SalmonProps!$A$2:$AA$10001,MATCH(1,($A12=[2]SalmonProps!$A$2:$A$10001)*(1=[2]SalmonProps!$C$2:$C$10001)*("1&2"=[2]SalmonProps!$D$2:$D$10001)*("A1" = [2]SalmonProps!$B$2:$B$10001)*($AP12 = [2]SalmonProps!$F$2:$F$10001) *($AR12 = [2]SalmonProps!$G$2:$G$10001),0), 17))} -> 0 | E12: {=IF(ISBLANK($AQ12), "", INDEX([2]SalmonProps!$A$2:$AA$10001,MATCH(1,($A12=[2]SalmonProps!$A$2:$A$10001)*(2=[2]SalmonProps!$C$2:$C$10001)*(3=[2]SalmonProps!$D$2:$D$10001)*("A1" = [2]SalmonProps!$B$2:$B$10001)*($AP12 = [2]SalmonProps!$F$2:$F$10001) *($AR12 = [2]SalmonProps!$G$2:$G$10001),0), 17))} -> 0.1125 | F12: {=IF(ISBLANK($AQ12), "", INDEX([2]SalmonProps!$A$2:$AA$10001,MATCH(1,($A12=[2]SalmonProps!$A$2:$A$10001)*(3=[2]SalmonProps!$C$2:$C$10001)*(3=[2]SalmonProps!$D$2:$D$10001)*("A1" = [2]SalmonProps!$B$2:$B$10001)*($AP12 = [2]SalmonProps!$F$2:$F$10001) *($AR12 = [2]SalmonProps!$G$2:$G$10001),0), 17))} -> 0.3116 | G12: 0 | H12: 0.0333 | I12: 0.0694 | J12: {=IF(ISBLANK($AQ12), "", INDEX([2]SalmonProps!$A$2:$AA$10001,MATCH(1,($A12=[2]SalmonProps!$A$2:$A$10001)*(1=[2]SalmonProps!$C$2:$C$10001)*(1=[2]SalmonProps!$D$2:$D$10001)*("A1" = [2]SalmonProps!$B$2:$B$10001)*($AP12 = [2]SalmonProps!$F$2:$F$10001) *($AR12 = [2]SalmonProps!$G$2:$G$10001),0), 19))} -> NA | K12: {=IF(ISBLANK($AQ12), "", INDEX([2]SalmonProps!$A$2:$AA$10001,MATCH(1,($A12=[2]SalmonProps!$A$2:$A$10001)*(1=[2]SalmonProps!$C$2:$C$10001)*(2=[2]SalmonProps!$D$2:$D$10001)*("A1" = [2]SalmonProps!$B$2:$B$10001)*($AP12 = [2]SalmonProps!$F$2:$F$10001) *($AR12 = [2]SalmonProps!$G$2:$G$10001),0), 19))} -> NA | L12: {=IF(ISBLANK($AQ12), "", INDEX([2]SalmonProps!$A$2:$AA$10001,MATCH(1,($A12=[2]SalmonProps!$A$2:$A$10001)*(1=[2]SalmonProps!$C$2:$C$10001)*("1&2"=[2]SalmonProps!$D$2:$D$10001)*("A1" = [2]SalmonProps!$B$2:$B$10001)*($AP12 = [2]SalmonProps!$F$2:$F$10001) *($AR12 = [2]SalmonProps!$G$2:$G$10001),0), 19))} -> NA | M12: {=IF(ISBLANK($AQ12), "", INDEX([2]SalmonProps!$A$2:$AA$10001,MATCH(1,($A12=[2]SalmonProps!$A$2:$A$10001)*(2=[2]SalmonProps!$C$2:$C$10001)*(3=[2]SalmonProps!$D$2:$D$10001)*("A1" = [2]SalmonProps!$B$2:$B$10001)*($AP12 = [2]SalmonProps!$F$2:$F$10001) *($AR12 = [2]SalmonProps!$G$2:$G$10001),0), 19))} -> NA | N12: {=IF(ISBLANK($AQ12), "", INDEX([2]SalmonProps!$A$2:$AA$10001,MATCH(1,($A12=[2]SalmonProps!$A$2:$A$10001)*(3=[2]SalmonProps!$C$2:$C$10001)*(3=[2]SalmonProps!$D$2:$D$10001)*("A1" = [2]SalmonProps!$B$2:$B$10001)*($AP12 = [2]SalmonProps!$F$2:$F$10001) *($AR12 = [2]SalmonProps!$G$2:$G$10001),0), 19))} -> NA | O12: {=IF(ISBLANK($AQ12), "", INDEX([2]SalmonProps!$A$2:$AA$10001,MATCH(1,($A12=[2]SalmonProps!$A$2:$A$10001)*(1=[2]SalmonProps!$C$2:$C$10001)*(1=[2]SalmonProps!$D$2:$D$10001)*("A2" = [2]SalmonProps!$B$2:$B$10001)*($AP12 = [2]SalmonProps!$F$2:$F$10001) *($AR12 = [2]SalmonProps!$G$2:$G$10001),0), 19))} -> NA | P12: {=IF(ISBLANK($AQ12), "", INDEX([2]SalmonProps!$A$2:$AA$10001,MATCH(1,($A12=[2]SalmonProps!$A$2:$A$10001)*(2=[2]SalmonProps!$C$2:$C$10001)*(1=[2]SalmonProps!$D$2:$D$10001)*("A2" = [2]SalmonProps!$B$2:$B$10001)*($AP12 = [2]SalmonProps!$F$2:$F$10001) *($AR12 = [2]SalmonProps!$G$2:$G$10001),0), 19))} -> #N/A | Q12: {=IF(ISBLANK($AQ12), "", INDEX([2]SalmonProps!$A$2:$AA$10001,MATCH(1,($A12=[2]SalmonProps!$A$2:$A$10001)*(3=[2]SalmonProps!$C$2:$C$10001)*(1=[2]SalmonProps!$D$2:$D$10001)*("A2" = [2]SalmonProps!$B$2:$B$10001)*($AP12 = [2]SalmonProps!$F$2:$F$10001) *($AR12 = [2]SalmonProps!$G$2:$G$10001),0), 19))} -> #N/A | R12: {=IF(ISBLANK($AQ12), "", INDEX([2]SalmonProps!$A$2:$AA$10001,MATCH(1,($A12=[2]SalmonProps!$A$2:$A$10001)*(1=[2]SalmonProps!$C$2:$C$10001)*(1=[2]SalmonProps!$D$2:$D$10001)*("A1" = [2]SalmonProps!$B$2:$B$10001)*($AP12 = [2]SalmonProps!$F$2:$F$10001) *($AR12 = [2]SalmonProps!$G$2:$G$10001),0), 18))} -> NA | S12: {=IF(ISBLANK($AQ12), "", INDEX([2]SalmonProps!$A$2:$AA$10001,MATCH(1,($A12=[2]SalmonProps!$A$2:$A$10001)*(1=[2]SalmonProps!$C$2:$C$10001)*(2=[2]SalmonProps!$D$2:$D$10001)*("A1" = [2]SalmonProps!$B$2:$B$10001)*($AP12 = [2]SalmonProps!$F$2:$F$10001) *($AR12 = [2]SalmonProps!$G$2:$G$10001),0), 18))} -> NA | T12: {=IF(ISBLANK($AQ12), "", INDEX([2]SalmonProps!$A$2:$AA$10001,MATCH(1,($A12=[2]SalmonProps!$A$2:$A$10001)*(1=[2]SalmonProps!$C$2:$C$10001)*("1&2"=[2]SalmonProps!$D$2:$D$10001)*("A1" = [2]SalmonProps!$B$2:$B$10001)*($AP12 = [2]SalmonProps!$F$2:$F$10001) *($AR12 = [2]SalmonProps!$G$2:$G$10001),0), 18))} -> NA | U12: {=IF(ISBLANK($AQ12), "", INDEX([2]SalmonProps!$A$2:$AA$10001,MATCH(1,($A12=[2]SalmonProps!$A$2:$A$10001)*(2=[2]SalmonProps!$C$2:$C$10001)*(3=[2]SalmonProps!$D$2:$D$10001)*("A1" = [2]SalmonProps!$B$2:$B$10001)*($AP12 = [2]SalmonProps!$F$2:$F$10001) *($AR12 = [2]SalmonProps!$G$2:$G$10001),0), 18))} -> NA | V12: {=IF(ISBLANK($AQ12), "", INDEX([2]SalmonProps!$A$2:$AA$10001,MATCH(1,($A12=[2]SalmonProps!$A$2:$A$10001)*(3=[2]SalmonProps!$C$2:$C$10001)*(3=[2]SalmonProps!$D$2:$D$10001)*("A1" = [2]SalmonProps!$B$2:$B$10001)*($AP12 = [2]SalmonProps!$F$2:$F$10001) *($AR12 = [2]SalmonProps!$G$2:$G$10001),0), 18))} -> NA | W12: {=IF(ISBLANK($AQ12), "", INDEX([2]SalmonProps!$A$2:$AA$10001,MATCH(1,($A12=[2]SalmonProps!$A$2:$A$10001)*(1=[2]SalmonProps!$C$2:$C$10001)*(1=[2]SalmonProps!$D$2:$D$10001)*("A2" = [2]SalmonProps!$B$2:$B$10001)*($AP12 = [2]SalmonProps!$F$2:$F$10001) *($AR12 = [2]SalmonProps!$G$2:$G$10001),0), 18))} -> NA | X12: {=IF(ISBLANK($AQ12), "", INDEX([2]SalmonProps!$A$2:$AA$10001,MATCH(1,($A12=[2]SalmonProps!$A$2:$A$10001)*(2=[2]SalmonProps!$C$2:$C$10001)*(1=[2]SalmonProps!$D$2:$D$10001)*("A2" = [2]SalmonProps!$B$2:$B$10001)*($AP12 = [2]SalmonProps!$F$2:$F$10001) *($AR12 = [2]SalmonProps!$G$2:$G$10001),0), 18))} -> #N/A | Y12: {=IF(ISBLANK($AQ12), "", INDEX([2]SalmonProps!$A$2:$AA$10001,MATCH(1,($A12=[2]SalmonProps!$A$2:$A$10001)*(3=[2]SalmonProps!$C$2:$C$10001)*(1=[2]SalmonProps!$D$2:$D$10001)*("A2" = [2]SalmonProps!$B$2:$B$10001)*($AP12 = [2]SalmonProps!$F$2:$F$10001) *($AR12 = [2]SalmonProps!$G$2:$G$10001),0), 18))} -> #N/A | Z12: {=IF(ISBLANK($AQ12), "", INDEX([2]SalmonProps!$A$2:$AA$10001,MATCH(1,($A12=[2]SalmonProps!$A$2:$A$10001)*(1=[2]SalmonProps!$C$2:$C$10001)*(1=[2]SalmonProps!$D$2:$D$10001)*("A1" = [2]SalmonProps!$B$2:$B$10001)*($AP12 = [2]SalmonProps!$F$2:$F$10001) *($AR12 = [2]SalmonProps!$G$2:$G$10001),0), 15))} -> 0.0618 | AA12: {=IF(ISBLANK($AQ12), "", INDEX([2]SalmonProps!$A$2:$AA$10001,MATCH(1,($A12=[2]SalmonProps!$A$2:$A$10001)*(1=[2]SalmonProps!$C$2:$C$10001)*(2=[2]SalmonProps!$D$2:$D$10001)*("A1" = [2]SalmonProps!$B$2:$B$10001)*($AP12 = [2]SalmonProps!$F$2:$F$10001) *($AR12 = [2]SalmonProps!$G$2:$G$10001),0), 15))} -> 0.0056 | AB12: {=IF(ISBLANK($AQ12), "", INDEX([2]SalmonProps!$A$2:$AA$10001,MATCH(1,($A12=[2]SalmonProps!$A$2:$A$10001)*(1=[2]SalmonProps!$C$2:$C$10001)*("1&2"=[2]SalmonProps!$D$2:$D$10001)*("A1" = [2]SalmonProps!$B$2:$B$10001)*($AP12 = [2]SalmonProps!$F$2:$F$10001) *($AR12 = [2]SalmonProps!$G$2:$G$10001),0), 15))} -> 0.0325 | AC12: {=IF(ISBLANK($AQ12), "", INDEX([2]SalmonProps!$A$2:$AA$10001,MATCH(1,($A12=[2]SalmonProps!$A$2:$A$10001)*(2=[2]SalmonProps!$C$2:$C$10001)*(3=[2]SalmonProps!$D$2:$D$10001)*("A1" = [2]SalmonProps!$B$2:$B$10001)*($AP12 = [2]SalmonProps!$F$2:$F$10001) *($AR12 = [2]SalmonProps!$G$2:$G$10001),0), 15))} -> 0.1761 | AD12: {=IF(ISBLANK($AQ12), "", INDEX([2]SalmonProps!$A$2:$AA$10001,MATCH(1,($A12=[2]SalmonProps!$A$2:$A$10001)*(3=[2]SalmonProps!$C$2:$C$10001)*(3=[2]SalmonProps!$D$2:$D$10001)*("A1" = [2]SalmonProps!$B$2:$B$10001)*($AP12 = [2]SalmonProps!$F$2:$F$10001) *($AR12 = [2]SalmonProps!$G$2:$G$10001),0), 15))} -> 0.4656 | AE12: 0.0639 | AF12: 0.0632 | AG12: 0.2357 | AH12: {=IF(ISBLANK($AQ12), "", INDEX([2]SalmonProps!$A$2:$AA$10001,MATCH(1,($A12=[2]SalmonProps!$A$2:$A$10001)*($AP12 = [2]SalmonProps!$F$2:$F$10001) *($AR12 = [2]SalmonProps!$G$2:$G$10001),0), 24))} -> NA | AI12: {=IF(ISBLANK($AQ12), "", INDEX([2]SalmonProps!$A$2:$AA$10001,MATCH(1,($A12=[2]SalmonProps!$A$2:$A$10001)*($AP12 = [2]SalmonProps!$F$2:$F$10001) *($AR12 = [2]SalmonProps!$G$2:$G$10001),0), 25))} -> NA | AJ12: {=IF(ISBLANK($AQ12), "", INDEX([2]SalmonProps!$A$2:$AA$10001,MATCH(1,($A12=[2]SalmonProps!$A$2:$A$10001)*($AP12 = [2]SalmonProps!$F$2:$F$10001) *($AR12 = [2]SalmonProps!$G$2:$G$10001),0), 20))} -> 61.4 | AK12: {=IF(ISBLANK($AQ12), "", INDEX([2]SalmonProps!$A$2:$AA$10001,MATCH(1,($A12=[2]SalmonProps!$A$2:$A$10001)*($AP12 = [2]SalmonProps!$F$2:$F$10001) *($AR12 = [2]SalmonProps!$G$2:$G$10001),0), 21))} -> 5 | AL12: {=IF(ISBLANK($AQ12), "", INDEX([2]SalmonProps!$A$2:$AA$10001,MATCH(1,($A12=[2]SalmonProps!$A$2:$A$10001)*($AP12 = [2]SalmonProps!$F$2:$F$10001) *($AR12 = [2]SalmonProps!$G$2:$G$10001),0), 22))} -> 75.1 | AM12: {=IF(ISBLANK($AQ12), "", INDEX([2]SalmonProps!$A$2:$AA$10001,MATCH(1,($A12=[2]SalmonProps!$A$2:$A$10001)*($AP12 = [2]SalmonProps!$F$2:$F$10001) *($AR12 = [2]SalmonProps!$G$2:$G$10001),0), 23))} -> 7.6 | AN12: {=IF(ISBLANK($AQ12), "", INDEX([2]SalmonProps!$A$2:$AA$10001,MATCH(1,($A12=[2]SalmonProps!$A$2:$A$10001)*($AP12 = [2]SalmonProps!$F$2:$F$10001) *($AR12 = [2]SalmonProps!$G$2:$G$10001),0), 26))} -> NA | AO12: {=IF(ISBLANK($AQ12), "", INDEX([2]SalmonProps!$A$2:$AA$10001,MATCH(1,($A12=[2]SalmonProps!$A$2:$A$10001)*($AP12 = [2]SalmonProps!$F$2:$F$10001) *($AR12 = [2]SalmonProps!$G$2:$G$10001),0), 27))} -> NA | AP12: 3 | AQ12: ML - Unweighted | AR12: =INDEX($AT$2:$AU$5, MATCH(AQ12,$AT$2:$AT$5, 0), 2) -> Unweighted
A13: ='[1]Passage Estimates'!$A13 -> 45115 | B13: {=IF(ISBLANK($AQ13), "", INDEX([2]SalmonProps!$A$2:$AA$10001,MATCH(1,($A13=[2]SalmonProps!$A$2:$A$10001)*(1=[2]SalmonProps!$C$2:$C$10001)*(1=[2]SalmonProps!$D$2:$D$10001)*("A1" = [2]SalmonProps!$B$2:$B$10001)*($AP13 = [2]SalmonProps!$F$2:$F$10001) *($AR13 = [2]SalmonProps!$G$2:$G$10001),0), 17))} -> 0 | C13: {=IF(ISBLANK($AQ13), "", INDEX([2]SalmonProps!$A$2:$AA$10001,MATCH(1,($A13=[2]SalmonProps!$A$2:$A$10001)*(1=[2]SalmonProps!$C$2:$C$10001)*(2=[2]SalmonProps!$D$2:$D$10001)*("A1" = [2]SalmonProps!$B$2:$B$10001)*($AP13 = [2]SalmonProps!$F$2:$F$10001) *($AR13 = [2]SalmonProps!$G$2:$G$10001),0), 17))} -> 0 | D13: {=IF(ISBLANK($AQ13), "", INDEX([2]SalmonProps!$A$2:$AA$10001,MATCH(1,($A13=[2]SalmonProps!$A$2:$A$10001)*(1=[2]SalmonProps!$C$2:$C$10001)*("1&2"=[2]SalmonProps!$D$2:$D$10001)*("A1" = [2]SalmonProps!$B$2:$B$10001)*($AP13 = [2]SalmonProps!$F$2:$F$10001) *($AR13 = [2]SalmonProps!$G$2:$G$10001),0), 17))} -> 0 | E13: {=IF(ISBLANK($AQ13), "", INDEX([2]SalmonProps!$A$2:$AA$10001,MATCH(1,($A13=[2]SalmonProps!$A$2:$A$10001)*(2=[2]SalmonProps!$C$2:$C$10001)*(3=[2]SalmonProps!$D$2:$D$10001)*("A1" = [2]SalmonProps!$B$2:$B$10001)*($AP13 = [2]SalmonProps!$F$2:$F$10001) *($AR13 = [2]SalmonProps!$G$2:$G$10001),0), 17))} -> 0.1125 | F13: {=IF(ISBLANK($AQ13), "", INDEX([2]SalmonProps!$A$2:$AA$10001,MATCH(1,($A13=[2]SalmonProps!$A$2:$A$10001)*(3=[2]SalmonProps!$C$2:$C$10001)*(3=[2]SalmonProps!$D$2:$D$10001)*("A1" = [2]SalmonProps!$B$2:$B$10001)*($AP13 = [2]SalmonProps!$F$2:$F$10001) *($AR13 = [2]SalmonProps!$G$2:$G$10001),0), 17))} -> 0.3116 | G13: 0 | H13: 0.0333 | I13: 0.0694 | J13: {=IF(ISBLANK($AQ13), "", INDEX([2]SalmonProps!$A$2:$AA$10001,MATCH(1,($A13=[2]SalmonProps!$A$2:$A$10001)*(1=[2]SalmonProps!$C$2:$C$10001)*(1=[2]SalmonProps!$D$2:$D$10001)*("A1" = [2]SalmonProps!$B$2:$B$10001)*($AP13 = [2]SalmonProps!$F$2:$F$10001) *($AR13 = [2]SalmonProps!$G$2:$G$10001),0), 19))} -> NA | K13: {=IF(ISBLANK($AQ13), "", INDEX([2]SalmonProps!$A$2:$AA$10001,MATCH(1,($A13=[2]SalmonProps!$A$2:$A$10001)*(1=[2]SalmonProps!$C$2:$C$10001)*(2=[2]SalmonProps!$D$2:$D$10001)*("A1" = [2]SalmonProps!$B$2:$B$10001)*($AP13 = [2]SalmonProps!$F$2:$F$10001) *($AR13 = [2]SalmonProps!$G$2:$G$10001),0), 19))} -> NA | L13: {=IF(ISBLANK($AQ13), "", INDEX([2]SalmonProps!$A$2:$AA$10001,MATCH(1,($A13=[2]SalmonProps!$A$2:$A$10001)*(1=[2]SalmonProps!$C$2:$C$10001)*("1&2"=[2]SalmonProps!$D$2:$D$10001)*("A1" = [2]SalmonProps!$B$2:$B$10001)*($AP13 = [2]SalmonProps!$F$2:$F$10001) *($AR13 = [2]SalmonProps!$G$2:$G$10001),0), 19))} -> NA | M13: {=IF(ISBLANK($AQ13), "", INDEX([2]SalmonProps!$A$2:$AA$10001,MATCH(1,($A13=[2]SalmonProps!$A$2:$A$10001)*(2=[2]SalmonProps!$C$2:$C$10001)*(3=[2]SalmonProps!$D$2:$D$10001)*("A1" = [2]SalmonProps!$B$2:$B$10001)*($AP13 = [2]SalmonProps!$F$2:$F$10001) *($AR13 = [2]SalmonProps!$G$2:$G$10001),0), 19))} -> NA | N13: {=IF(ISBLANK($AQ13), "", INDEX([2]SalmonProps!$A$2:$AA$10001,MATCH(1,($A13=[2]SalmonProps!$A$2:$A$10001)*(3=[2]SalmonProps!$C$2:$C$10001)*(3=[2]SalmonProps!$D$2:$D$10001)*("A1" = [2]SalmonProps!$B$2:$B$10001)*($AP13 = [2]SalmonProps!$F$2:$F$10001) *($AR13 = [2]SalmonProps!$G$2:$G$10001),0), 19))} -> NA | O13: {=IF(ISBLANK($AQ13), "", INDEX([2]SalmonProps!$A$2:$AA$10001,MATCH(1,($A13=[2]SalmonProps!$A$2:$A$10001)*(1=[2]SalmonProps!$C$2:$C$10001)*(1=[2]SalmonProps!$D$2:$D$10001)*("A2" = [2]SalmonProps!$B$2:$B$10001)*($AP13 = [2]SalmonProps!$F$2:$F$10001) *($AR13 = [2]SalmonProps!$G$2:$G$10001),0), 19))} -> NA | P13: {=IF(ISBLANK($AQ13), "", INDEX([2]SalmonProps!$A$2:$AA$10001,MATCH(1,($A13=[2]SalmonProps!$A$2:$A$10001)*(2=[2]SalmonProps!$C$2:$C$10001)*(1=[2]SalmonProps!$D$2:$D$10001)*("A2" = [2]SalmonProps!$B$2:$B$10001)*($AP13 = [2]SalmonProps!$F$2:$F$10001) *($AR13 = [2]SalmonProps!$G$2:$G$10001),0), 19))} -> #N/A | Q13: {=IF(ISBLANK($AQ13), "", INDEX([2]SalmonProps!$A$2:$AA$10001,MATCH(1,($A13=[2]SalmonProps!$A$2:$A$10001)*(3=[2]SalmonProps!$C$2:$C$10001)*(1=[2]SalmonProps!$D$2:$D$10001)*("A2" = [2]SalmonProps!$B$2:$B$10001)*($AP13 = [2]SalmonProps!$F$2:$F$10001) *($AR13 = [2]SalmonProps!$G$2:$G$10001),0), 19))} -> #N/A | R13: {=IF(ISBLANK($AQ13), "", INDEX([2]SalmonProps!$A$2:$AA$10001,MATCH(1,($A13=[2]SalmonProps!$A$2:$A$10001)*(1=[2]SalmonProps!$C$2:$C$10001)*(1=[2]SalmonProps!$D$2:$D$10001)*("A1" = [2]SalmonProps!$B$2:$B$10001)*($AP13 = [2]SalmonProps!$F$2:$F$10001) *($AR13 = [2]SalmonProps!$G$2:$G$10001),0), 18))} -> NA | S13: {=IF(ISBLANK($AQ13), "", INDEX([2]SalmonProps!$A$2:$AA$10001,MATCH(1,($A13=[2]SalmonProps!$A$2:$A$10001)*(1=[2]SalmonProps!$C$2:$C$10001)*(2=[2]SalmonProps!$D$2:$D$10001)*("A1" = [2]SalmonProps!$B$2:$B$10001)*($AP13 = [2]SalmonProps!$F$2:$F$10001) *($AR13 = [2]SalmonProps!$G$2:$G$10001),0), 18))} -> NA | T13: {=IF(ISBLANK($AQ13), "", INDEX([2]SalmonProps!$A$2:$AA$10001,MATCH(1,($A13=[2]SalmonProps!$A$2:$A$10001)*(1=[2]SalmonProps!$C$2:$C$10001)*("1&2"=[2]SalmonProps!$D$2:$D$10001)*("A1" = [2]SalmonProps!$B$2:$B$10001)*($AP13 = [2]SalmonProps!$F$2:$F$10001) *($AR13 = [2]SalmonProps!$G$2:$G$10001),0), 18))} -> NA | U13: {=IF(ISBLANK($AQ13), "", INDEX([2]SalmonProps!$A$2:$AA$10001,MATCH(1,($A13=[2]SalmonProps!$A$2:$A$10001)*(2=[2]SalmonProps!$C$2:$C$10001)*(3=[2]SalmonProps!$D$2:$D$10001)*("A1" = [2]SalmonProps!$B$2:$B$10001)*($AP13 = [2]SalmonProps!$F$2:$F$10001) *($AR13 = [2]SalmonProps!$G$2:$G$10001),0), 18))} -> NA | V13: {=IF(ISBLANK($AQ13), "", INDEX([2]SalmonProps!$A$2:$AA$10001,MATCH(1,($A13=[2]SalmonProps!$A$2:$A$10001)*(3=[2]SalmonProps!$C$2:$C$10001)*(3=[2]SalmonProps!$D$2:$D$10001)*("A1" = [2]SalmonProps!$B$2:$B$10001)*($AP13 = [2]SalmonProps!$F$2:$F$10001) *($AR13 = [2]SalmonProps!$G$2:$G$10001),0), 18))} -> NA | W13: {=IF(ISBLANK($AQ13), "", INDEX([2]SalmonProps!$A$2:$AA$10001,MATCH(1,($A13=[2]SalmonProps!$A$2:$A$10001)*(1=[2]SalmonProps!$C$2:$C$10001)*(1=[2]SalmonProps!$D$2:$D$10001)*("A2" = [2]SalmonProps!$B$2:$B$10001)*($AP13 = [2]SalmonProps!$F$2:$F$10001) *($AR13 = [2]SalmonProps!$G$2:$G$10001),0), 18))} -> NA | X13: {=IF(ISBLANK($AQ13), "", INDEX([2]SalmonProps!$A$2:$AA$10001,MATCH(1,($A13=[2]SalmonProps!$A$2:$A$10001)*(2=[2]SalmonProps!$C$2:$C$10001)*(1=[2]SalmonProps!$D$2:$D$10001)*("A2" = [2]SalmonProps!$B$2:$B$10001)*($AP13 = [2]SalmonProps!$F$2:$F$10001) *($AR13 = [2]SalmonProps!$G$2:$G$10001),0), 18))} -> #N/A | Y13: {=IF(ISBLANK($AQ13), "", INDEX([2]SalmonProps!$A$2:$AA$10001,MATCH(1,($A13=[2]SalmonProps!$A$2:$A$10001)*(3=[2]SalmonProps!$C$2:$C$10001)*(1=[2]SalmonProps!$D$2:$D$10001)*("A2" = [2]SalmonProps!$B$2:$B$10001)*($AP13 = [2]SalmonProps!$F$2:$F$10001) *($AR13 = [2]SalmonProps!$G$2:$G$10001),0), 18))} -> #N/A | Z13: {=IF(ISBLANK($AQ13), "", INDEX([2]SalmonProps!$A$2:$AA$10001,MATCH(1,($A13=[2]SalmonProps!$A$2:$A$10001)*(1=[2]SalmonProps!$C$2:$C$10001)*(1=[2]SalmonProps!$D$2:$D$10001)*("A1" = [2]SalmonProps!$B$2:$B$10001)*($AP13 = [2]SalmonProps!$F$2:$F$10001) *($AR13 = [2]SalmonProps!$G$2:$G$10001),0), 15))} -> 0.0618 | AA13: {=IF(ISBLANK($AQ13), "", INDEX([2]SalmonProps!$A$2:$AA$10001,MATCH(1,($A13=[2]SalmonProps!$A$2:$A$10001)*(1=[2]SalmonProps!$C$2:$C$10001)*(2=[2]SalmonProps!$D$2:$D$10001)*("A1" = [2]SalmonProps!$B$2:$B$10001)*($AP13 = [2]SalmonProps!$F$2:$F$10001) *($AR13 = [2]SalmonProps!$G$2:$G$10001),0), 15))} -> 0.0056 | AB13: {=IF(ISBLANK($AQ13), "", INDEX([2]SalmonProps!$A$2:$AA$10001,MATCH(1,($A13=[2]SalmonProps!$A$2:$A$10001)*(1=[2]SalmonProps!$C$2:$C$10001)*("1&2"=[2]SalmonProps!$D$2:$D$10001)*("A1" = [2]SalmonProps!$B$2:$B$10001)*($AP13 = [2]SalmonProps!$F$2:$F$10001) *($AR13 = [2]SalmonProps!$G$2:$G$10001),0), 15))} -> 0.0325 | AC13: {=IF(ISBLANK($AQ13), "", INDEX([2]SalmonProps!$A$2:$AA$10001,MATCH(1,($A13=[2]SalmonProps!$A$2:$A$10001)*(2=[2]SalmonProps!$C$2:$C$10001)*(3=[2]SalmonProps!$D$2:$D$10001)*("A1" = [2]SalmonProps!$B$2:$B$10001)*($AP13 = [2]SalmonProps!$F$2:$F$10001) *($AR13 = [2]SalmonProps!$G$2:$G$10001),0), 15))} -> 0.1761 | AD13: {=IF(ISBLANK($AQ13), "", INDEX([2]SalmonProps!$A$2:$AA$10001,MATCH(1,($A13=[2]SalmonProps!$A$2:$A$10001)*(3=[2]SalmonProps!$C$2:$C$10001)*(3=[2]SalmonProps!$D$2:$D$10001)*("A1" = [2]SalmonProps!$B$2:$B$10001)*($AP13 = [2]SalmonProps!$F$2:$F$10001) *($AR13 = [2]SalmonProps!$G$2:$G$10001),0), 15))} -> 0.4656 | AE13: 0.0639 | AF13: 0.0632 | AG13: 0.2357 | AH13: {=IF(ISBLANK($AQ13), "", INDEX([2]SalmonProps!$A$2:$AA$10001,MATCH(1,($A13=[2]SalmonProps!$A$2:$A$10001)*($AP13 = [2]SalmonProps!$F$2:$F$10001) *($AR13 = [2]SalmonProps!$G$2:$G$10001),0), 24))} -> NA | AI13: {=IF(ISBLANK($AQ13), "", INDEX([2]SalmonProps!$A$2:$AA$10001,MATCH(1,($A13=[2]SalmonProps!$A$2:$A$10001)*($AP13 = [2]SalmonProps!$F$2:$F$10001) *($AR13 = [2]SalmonProps!$G$2:$G$10001),0), 25))} -> NA | AJ13: {=IF(ISBLANK($AQ13), "", INDEX([2]SalmonProps!$A$2:$AA$10001,MATCH(1,($A13=[2]SalmonProps!$A$2:$A$10001)*($AP13 = [2]SalmonProps!$F$2:$F$10001) *($AR13 = [2]SalmonProps!$G$2:$G$10001),0), 20))} -> 61.4 | AK13: {=IF(ISBLANK($AQ13), "", INDEX([2]SalmonProps!$A$2:$AA$10001,MATCH(1,($A13=[2]SalmonProps!$A$2:$A$10001)*($AP13 = [2]SalmonProps!$F$2:$F$10001) *($AR13 = [2]SalmonProps!$G$2:$G$10001),0), 21))} -> 5 | AL13: {=IF(ISBLANK($AQ13), "", INDEX([2]SalmonProps!$A$2:$AA$10001,MATCH(1,($A13=[2]SalmonProps!$A$2:$A$10001)*($AP13 = [2]SalmonProps!$F$2:$F$10001) *($AR13 = [2]SalmonProps!$G$2:$G$10001),0), 22))} -> 75.1 | AM13: {=IF(ISBLANK($AQ13), "", INDEX([2]SalmonProps!$A$2:$AA$10001,MATCH(1,($A13=[2]SalmonProps!$A$2:$A$10001)*($AP13 = [2]SalmonProps!$F$2:$F$10001) *($AR13 = [2]SalmonProps!$G$2:$G$10001),0), 23))} -> 7.6 | AN13: {=IF(ISBLANK($AQ13), "", INDEX([2]SalmonProps!$A$2:$AA$10001,MATCH(1,($A13=[2]SalmonProps!$A$2:$A$10001)*($AP13 = [2]SalmonProps!$F$2:$F$10001) *($AR13 = [2]SalmonProps!$G$2:$G$10001),0), 26))} -> NA | AO13: {=IF(ISBLANK($AQ13), "", INDEX([2]SalmonProps!$A$2:$AA$10001,MATCH(1,($A13=[2]SalmonProps!$A$2:$A$10001)*($AP13 = [2]SalmonProps!$F$2:$F$10001) *($AR13 = [2]SalmonProps!$G$2:$G$10001),0), 27))} -> NA | AP13: 3 | AQ13: ML - Unweighted | AR13: =INDEX($AT$2:$AU$5, MATCH(AQ13,$AT$2:$AT$5, 0), 2) -> Unweighted
A14: ='[1]Passage Estimates'!$A14 -> 45116 | B14: {=IF(ISBLANK($AQ14), "", INDEX([2]SalmonProps!$A$2:$AA$10001,MATCH(1,($A14=[2]SalmonProps!$A$2:$A$10001)*(1=[2]SalmonProps!$C$2:$C$10001)*(1=[2]SalmonProps!$D$2:$D$10001)*("A1" = [2]SalmonProps!$B$2:$B$10001)*($AP14 = [2]SalmonProps!$F$2:$F$10001) *($AR14 = [2]SalmonProps!$G$2:$G$10001),0), 17))} -> 0 | C14: {=IF(ISBLANK($AQ14), "", INDEX([2]SalmonProps!$A$2:$AA$10001,MATCH(1,($A14=[2]SalmonProps!$A$2:$A$10001)*(1=[2]SalmonProps!$C$2:$C$10001)*(2=[2]SalmonProps!$D$2:$D$10001)*("A1" = [2]SalmonProps!$B$2:$B$10001)*($AP14 = [2]SalmonProps!$F$2:$F$10001) *($AR14 = [2]SalmonProps!$G$2:$G$10001),0), 17))} -> 0 | D14: {=IF(ISBLANK($AQ14), "", INDEX([2]SalmonProps!$A$2:$AA$10001,MATCH(1,($A14=[2]SalmonProps!$A$2:$A$10001)*(1=[2]SalmonProps!$C$2:$C$10001)*("1&2"=[2]SalmonProps!$D$2:$D$10001)*("A1" = [2]SalmonProps!$B$2:$B$10001)*($AP14 = [2]SalmonProps!$F$2:$F$10001) *($AR14 = [2]SalmonProps!$G$2:$G$10001),0), 17))} -> 0 | E14: {=IF(ISBLANK($AQ14), "", INDEX([2]SalmonProps!$A$2:$AA$10001,MATCH(1,($A14=[2]SalmonProps!$A$2:$A$10001)*(2=[2]SalmonProps!$C$2:$C$10001)*(3=[2]SalmonProps!$D$2:$D$10001)*("A1" = [2]SalmonProps!$B$2:$B$10001)*($AP14 = [2]SalmonProps!$F$2:$F$10001) *($AR14 = [2]SalmonProps!$G$2:$G$10001),0), 17))} -> 0.1075 | F14: {=IF(ISBLANK($AQ14), "", INDEX([2]SalmonProps!$A$2:$AA$10001,MATCH(1,($A14=[2]SalmonProps!$A$2:$A$10001)*(3=[2]SalmonProps!$C$2:$C$10001)*(3=[2]SalmonProps!$D$2:$D$10001)*("A1" = [2]SalmonProps!$B$2:$B$10001)*($AP14 = [2]SalmonProps!$F$2:$F$10001) *($AR14 = [2]SalmonProps!$G$2:$G$10001),0), 17))} -> 0.3595 | G14: 0 | H14: 0.0333 | I14: 0.0694 | J14: {=IF(ISBLANK($AQ14), "", INDEX([2]SalmonProps!$A$2:$AA$10001,MATCH(1,($A14=[2]SalmonProps!$A$2:$A$10001)*(1=[2]SalmonProps!$C$2:$C$10001)*(1=[2]SalmonProps!$D$2:$D$10001)*("A1" = [2]SalmonProps!$B$2:$B$10001)*($AP14 = [2]SalmonProps!$F$2:$F$10001) *($AR14 = [2]SalmonProps!$G$2:$G$10001),0), 19))} -> NA | K14: {=IF(ISBLANK($AQ14), "", INDEX([2]SalmonProps!$A$2:$AA$10001,MATCH(1,($A14=[2]SalmonProps!$A$2:$A$10001)*(1=[2]SalmonProps!$C$2:$C$10001)*(2=[2]SalmonProps!$D$2:$D$10001)*("A1" = [2]SalmonProps!$B$2:$B$10001)*($AP14 = [2]SalmonProps!$F$2:$F$10001) *($AR14 = [2]SalmonProps!$G$2:$G$10001),0), 19))} -> NA | L14: {=IF(ISBLANK($AQ14), "", INDEX([2]SalmonProps!$A$2:$AA$10001,MATCH(1,($A14=[2]SalmonProps!$A$2:$A$10001)*(1=[2]SalmonProps!$C$2:$C$10001)*("1&2"=[2]SalmonProps!$D$2:$D$10001)*("A1" = [2]SalmonProps!$B$2:$B$10001)*($AP14 = [2]SalmonProps!$F$2:$F$10001) *($AR14 = [2]SalmonProps!$G$2:$G$10001),0), 19))} -> NA | M14: {=IF(ISBLANK($AQ14), "", INDEX([2]SalmonProps!$A$2:$AA$10001,MATCH(1,($A14=[2]SalmonProps!$A$2:$A$10001)*(2=[2]SalmonProps!$C$2:$C$10001)*(3=[2]SalmonProps!$D$2:$D$10001)*("A1" = [2]SalmonProps!$B$2:$B$10001)*($AP14 = [2]SalmonProps!$F$2:$F$10001) *($AR14 = [2]SalmonProps!$G$2:$G$10001),0), 19))} -> NA | N14: {=IF(ISBLANK($AQ14), "", INDEX([2]SalmonProps!$A$2:$AA$10001,MATCH(1,($A14=[2]SalmonProps!$A$2:$A$10001)*(3=[2]SalmonProps!$C$2:$C$10001)*(3=[2]SalmonProps!$D$2:$D$10001)*("A1" = [2]SalmonProps!$B$2:$B$10001)*($AP14 = [2]SalmonProps!$F$2:$F$10001) *($AR14 = [2]SalmonProps!$G$2:$G$10001),0), 19))} -> NA | O14: {=IF(ISBLANK($AQ14), "", INDEX([2]SalmonProps!$A$2:$AA$10001,MATCH(1,($A14=[2]SalmonProps!$A$2:$A$10001)*(1=[2]SalmonProps!$C$2:$C$10001)*(1=[2]SalmonProps!$D$2:$D$10001)*("A2" = [2]SalmonProps!$B$2:$B$10001)*($AP14 = [2]SalmonProps!$F$2:$F$10001) *($AR14 = [2]SalmonProps!$G$2:$G$10001),0), 19))} -> NA | P14: {=IF(ISBLANK($AQ14), "", INDEX([2]SalmonProps!$A$2:$AA$10001,MATCH(1,($A14=[2]SalmonProps!$A$2:$A$10001)*(2=[2]SalmonProps!$C$2:$C$10001)*(1=[2]SalmonProps!$D$2:$D$10001)*("A2" = [2]SalmonProps!$B$2:$B$10001)*($AP14 = [2]SalmonProps!$F$2:$F$10001) *($AR14 = [2]SalmonProps!$G$2:$G$10001),0), 19))} -> NA | Q14: {=IF(ISBLANK($AQ14), "", INDEX([2]SalmonProps!$A$2:$AA$10001,MATCH(1,($A14=[2]SalmonProps!$A$2:$A$10001)*(3=[2]SalmonProps!$C$2:$C$10001)*(1=[2]SalmonProps!$D$2:$D$10001)*("A2" = [2]SalmonProps!$B$2:$B$10001)*($AP14 = [2]SalmonProps!$F$2:$F$10001) *($AR14 = [2]SalmonProps!$G$2:$G$10001),0), 19))} -> NA | R14: {=IF(ISBLANK($AQ14), "", INDEX([2]SalmonProps!$A$2:$AA$10001,MATCH(1,($A14=[2]SalmonProps!$A$2:$A$10001)*(1=[2]SalmonProps!$C$2:$C$10001)*(1=[2]SalmonProps!$D$2:$D$10001)*("A1" = [2]SalmonProps!$B$2:$B$10001)*($AP14 = [2]SalmonProps!$F$2:$F$10001) *($AR14 = [2]SalmonProps!$G$2:$G$10001),0), 18))} -> NA | S14: {=IF(ISBLANK($AQ14), "", INDEX([2]SalmonProps!$A$2:$AA$10001,MATCH(1,($A14=[2]SalmonProps!$A$2:$A$10001)*(1=[2]SalmonProps!$C$2:$C$10001)*(2=[2]SalmonProps!$D$2:$D$10001)*("A1" = [2]SalmonProps!$B$2:$B$10001)*($AP14 = [2]SalmonProps!$F$2:$F$10001) *($AR14 = [2]SalmonProps!$G$2:$G$10001),0), 18))} -> NA | T14: {=IF(ISBLANK($AQ14), "", INDEX([2]SalmonProps!$A$2:$AA$10001,MATCH(1,($A14=[2]SalmonProps!$A$2:$A$10001)*(1=[2]SalmonProps!$C$2:$C$10001)*("1&2"=[2]SalmonProps!$D$2:$D$10001)*("A1" = [2]SalmonProps!$B$2:$B$10001)*($AP14 = [2]SalmonProps!$F$2:$F$10001) *($AR14 = [2]SalmonProps!$G$2:$G$10001),0), 18))} -> NA | U14: {=IF(ISBLANK($AQ14), "", INDEX([2]SalmonProps!$A$2:$AA$10001,MATCH(1,($A14=[2]SalmonProps!$A$2:$A$10001)*(2=[2]SalmonProps!$C$2:$C$10001)*(3=[2]SalmonProps!$D$2:$D$10001)*("A1" = [2]SalmonProps!$B$2:$B$10001)*($AP14 = [2]SalmonProps!$F$2:$F$10001) *($AR14 = [2]SalmonProps!$G$2:$G$10001),0), 18))} -> NA | V14: {=IF(ISBLANK($AQ14), "", INDEX([2]SalmonProps!$A$2:$AA$10001,MATCH(1,($A14=[2]SalmonProps!$A$2:$A$10001)*(3=[2]SalmonProps!$C$2:$C$10001)*(3=[2]SalmonProps!$D$2:$D$10001)*("A1" = [2]SalmonProps!$B$2:$B$10001)*($AP14 = [2]SalmonProps!$F$2:$F$10001) *($AR14 = [2]SalmonProps!$G$2:$G$10001),0), 18))} -> NA | W14: {=IF(ISBLANK($AQ14), "", INDEX([2]SalmonProps!$A$2:$AA$10001,MATCH(1,($A14=[2]SalmonProps!$A$2:$A$10001)*(1=[2]SalmonProps!$C$2:$C$10001)*(1=[2]SalmonProps!$D$2:$D$10001)*("A2" = [2]SalmonProps!$B$2:$B$10001)*($AP14 = [2]SalmonProps!$F$2:$F$10001) *($AR14 = [2]SalmonProps!$G$2:$G$10001),0), 18))} -> NA | X14: {=IF(ISBLANK($AQ14), "", INDEX([2]SalmonProps!$A$2:$AA$10001,MATCH(1,($A14=[2]SalmonProps!$A$2:$A$10001)*(2=[2]SalmonProps!$C$2:$C$10001)*(1=[2]SalmonProps!$D$2:$D$10001)*("A2" = [2]SalmonProps!$B$2:$B$10001)*($AP14 = [2]SalmonProps!$F$2:$F$10001) *($AR14 = [2]SalmonProps!$G$2:$G$10001),0), 18))} -> NA | Y14: {=IF(ISBLANK($AQ14), "", INDEX([2]SalmonProps!$A$2:$AA$10001,MATCH(1,($A14=[2]SalmonProps!$A$2:$A$10001)*(3=[2]SalmonProps!$C$2:$C$10001)*(1=[2]SalmonProps!$D$2:$D$10001)*("A2" = [2]SalmonProps!$B$2:$B$10001)*($AP14 = [2]SalmonProps!$F$2:$F$10001) *($AR14 = [2]SalmonProps!$G$2:$G$10001),0), 18))} -> NA | Z14: {=IF(ISBLANK($AQ14), "", INDEX([2]SalmonProps!$A$2:$AA$10001,MATCH(1,($A14=[2]SalmonProps!$A$2:$A$10001)*(1=[2]SalmonProps!$C$2:$C$10001)*(1=[2]SalmonProps!$D$2:$D$10001)*("A1" = [2]SalmonProps!$B$2:$B$10001)*($AP14 = [2]SalmonProps!$F$2:$F$10001) *($AR14 = [2]SalmonProps!$G$2:$G$10001),0), 15))} -> 0.0078 | AA14: {=IF(ISBLANK($AQ14), "", INDEX([2]SalmonProps!$A$2:$AA$10001,MATCH(1,($A14=[2]SalmonProps!$A$2:$A$10001)*(1=[2]SalmonProps!$C$2:$C$10001)*(2=[2]SalmonProps!$D$2:$D$10001)*("A1" = [2]SalmonProps!$B$2:$B$10001)*($AP14 = [2]SalmonProps!$F$2:$F$10001) *($AR14 = [2]SalmonProps!$G$2:$G$10001),0), 15))} -> 0.0185 | AB14: {=IF(ISBLANK($AQ14), "", INDEX([2]SalmonProps!$A$2:$AA$10001,MATCH(1,($A14=[2]SalmonProps!$A$2:$A$10001)*(1=[2]SalmonProps!$C$2:$C$10001)*("1&2"=[2]SalmonProps!$D$2:$D$10001)*("A1" = [2]SalmonProps!$B$2:$B$10001)*($AP14 = [2]SalmonProps!$F$2:$F$10001) *($AR14 = [2]SalmonProps!$G$2:$G$10001),0), 15))} -> 0.015 | AC14: {=IF(ISBLANK($AQ14), "", INDEX([2]SalmonProps!$A$2:$AA$10001,MATCH(1,($A14=[2]SalmonProps!$A$2:$A$10001)*(2=[2]SalmonProps!$C$2:$C$10001)*(3=[2]SalmonProps!$D$2:$D$10001)*("A1" = [2]SalmonProps!$B$2:$B$10001)*($AP14 = [2]SalmonProps!$F$2:$F$10001) *($AR14 = [2]SalmonProps!$G$2:$G$10001),0), 15))} -> 0.2128 | AD14: {=IF(ISBLANK($AQ14), "", INDEX([2]SalmonProps!$A$2:$AA$10001,MATCH(1,($A14=[2]SalmonProps!$A$2:$A$10001)*(3=[2]SalmonProps!$C$2:$C$10001)*(3=[2]SalmonProps!$D$2:$D$10001)*("A1" = [2]SalmonProps!$B$2:$B$10001)*($AP14 = [2]SalmonProps!$F$2:$F$10001) *($AR14 = [2]SalmonProps!$G$2:$G$10001),0), 15))} -> 0.3595 | AE14: 0.0639 | AF14: 0.0632 | AG14: 0.2357 | AH14: {=IF(ISBLANK($AQ14), "", INDEX([2]SalmonProps!$A$2:$AA$10001,MATCH(1,($A14=[2]SalmonProps!$A$2:$A$10001)*($AP14 = [2]SalmonProps!$F$2:$F$10001) *($AR14 = [2]SalmonProps!$G$2:$G$10001),0), 24))} -> NA | AI14: {=IF(ISBLANK($AQ14), "", INDEX([2]SalmonProps!$A$2:$AA$10001,MATCH(1,($A14=[2]SalmonProps!$A$2:$A$10001)*($AP14 = [2]SalmonProps!$F$2:$F$10001) *($AR14 = [2]SalmonProps!$G$2:$G$10001),0), 25))} -> NA | AJ14: {=IF(ISBLANK($AQ14), "", INDEX([2]SalmonProps!$A$2:$AA$10001,MATCH(1,($A14=[2]SalmonProps!$A$2:$A$10001)*($AP14 = [2]SalmonProps!$F$2:$F$10001) *($AR14 = [2]SalmonProps!$G$2:$G$10001),0), 20))} -> 61.4 | AK14: {=IF(ISBLANK($AQ14), "", INDEX([2]SalmonProps!$A$2:$AA$10001,MATCH(1,($A14=[2]SalmonProps!$A$2:$A$10001)*($AP14 = [2]SalmonProps!$F$2:$F$10001) *($AR14 = [2]SalmonProps!$G$2:$G$10001),0), 21))} -> 5 | AL14: {=IF(ISBLANK($AQ14), "", INDEX([2]SalmonProps!$A$2:$AA$10001,MATCH(1,($A14=[2]SalmonProps!$A$2:$A$10001)*($AP14 = [2]SalmonProps!$F$2:$F$10001) *($AR14 = [2]SalmonProps!$G$2:$G$10001),0), 22))} -> 75.1 | AM14: {=IF(ISBLANK($AQ14), "", INDEX([2]SalmonProps!$A$2:$AA$10001,MATCH(1,($A14=[2]SalmonProps!$A$2:$A$10001)*($AP14 = [2]SalmonProps!$F$2:$F$10001) *($AR14 = [2]SalmonProps!$G$2:$G$10001),0), 23))} -> 7.6 | AN14: {=IF(ISBLANK($AQ14), "", INDEX([2]SalmonProps!$A$2:$AA$10001,MATCH(1,($A14=[2]SalmonProps!$A$2:$A$10001)*($AP14 = [2]SalmonProps!$F$2:$F$10001) *($AR14 = [2]SalmonProps!$G$2:$G$10001),0), 26))} -> NA | AO14: {=IF(ISBLANK($AQ14), "", INDEX([2]SalmonProps!$A$2:$AA$10001,MATCH(1,($A14=[2]SalmonProps!$A$2:$A$10001)*($AP14 = [2]SalmonProps!$F$2:$F$10001) *($AR14 = [2]SalmonProps!$G$2:$G$10001),0), 27))} -> NA | AP14: 3 | AQ14: ML - Unweighted | AR14: =INDEX($AT$2:$AU$5, MATCH(AQ14,$AT$2:$AT$5, 0), 2) -> Unweighted
A15: ='[1]Passage Estimates'!$A15 -> 45117 | B15: {=IF(ISBLANK($AQ15), "", INDEX([2]SalmonProps!$A$2:$AA$10001,MATCH(1,($A15=[2]SalmonProps!$A$2:$A$10001)*(1=[2]SalmonProps!$C$2:$C$10001)*(1=[2]SalmonProps!$D$2:$D$10001)*("A1" = [2]SalmonProps!$B$2:$B$10001)*($AP15 = [2]SalmonProps!$F$2:$F$10001) *($AR15 = [2]SalmonProps!$G$2:$G$10001),0), 17))} -> 0 | C15: {=IF(ISBLANK($AQ15), "", INDEX([2]SalmonProps!$A$2:$AA$10001,MATCH(1,($A15=[2]SalmonProps!$A$2:$A$10001)*(1=[2]SalmonProps!$C$2:$C$10001)*(2=[2]SalmonProps!$D$2:$D$10001)*("A1" = [2]SalmonProps!$B$2:$B$10001)*($AP15 = [2]SalmonProps!$F$2:$F$10001) *($AR15 = [2]SalmonProps!$G$2:$G$10001),0), 17))} -> 0 | D15: {=IF(ISBLANK($AQ15), "", INDEX([2]SalmonProps!$A$2:$AA$10001,MATCH(1,($A15=[2]SalmonProps!$A$2:$A$10001)*(1=[2]SalmonProps!$C$2:$C$10001)*("1&2"=[2]SalmonProps!$D$2:$D$10001)*("A1" = [2]SalmonProps!$B$2:$B$10001)*($AP15 = [2]SalmonProps!$F$2:$F$10001) *($AR15 = [2]SalmonProps!$G$2:$G$10001),0), 17))} -> 0 | E15: {=IF(ISBLANK($AQ15), "", INDEX([2]SalmonProps!$A$2:$AA$10001,MATCH(1,($A15=[2]SalmonProps!$A$2:$A$10001)*(2=[2]SalmonProps!$C$2:$C$10001)*(3=[2]SalmonProps!$D$2:$D$10001)*("A1" = [2]SalmonProps!$B$2:$B$10001)*($AP15 = [2]SalmonProps!$F$2:$F$10001) *($AR15 = [2]SalmonProps!$G$2:$G$10001),0), 17))} -> 0.1075 | F15: {=IF(ISBLANK($AQ15), "", INDEX([2]SalmonProps!$A$2:$AA$10001,MATCH(1,($A15=[2]SalmonProps!$A$2:$A$10001)*(3=[2]SalmonProps!$C$2:$C$10001)*(3=[2]SalmonProps!$D$2:$D$10001)*("A1" = [2]SalmonProps!$B$2:$B$10001)*($AP15 = [2]SalmonProps!$F$2:$F$10001) *($AR15 = [2]SalmonProps!$G$2:$G$10001),0), 17))} -> 0.3595 | G15: 0 | H15: 0.0333 | I15: 0.0694 | J15: {=IF(ISBLANK($AQ15), "", INDEX([2]SalmonProps!$A$2:$AA$10001,MATCH(1,($A15=[2]SalmonProps!$A$2:$A$10001)*(1=[2]SalmonProps!$C$2:$C$10001)*(1=[2]SalmonProps!$D$2:$D$10001)*("A1" = [2]SalmonProps!$B$2:$B$10001)*($AP15 = [2]SalmonProps!$F$2:$F$10001) *($AR15 = [2]SalmonProps!$G$2:$G$10001),0), 19))} -> NA | K15: {=IF(ISBLANK($AQ15), "", INDEX([2]SalmonProps!$A$2:$AA$10001,MATCH(1,($A15=[2]SalmonProps!$A$2:$A$10001)*(1=[2]SalmonProps!$C$2:$C$10001)*(2=[2]SalmonProps!$D$2:$D$10001)*("A1" = [2]SalmonProps!$B$2:$B$10001)*($AP15 = [2]SalmonProps!$F$2:$F$10001) *($AR15 = [2]SalmonProps!$G$2:$G$10001),0), 19))} -> NA | L15: {=IF(ISBLANK($AQ15), "", INDEX([2]SalmonProps!$A$2:$AA$10001,MATCH(1,($A15=[2]SalmonProps!$A$2:$A$10001)*(1=[2]SalmonProps!$C$2:$C$10001)*("1&2"=[2]SalmonProps!$D$2:$D$10001)*("A1" = [2]SalmonProps!$B$2:$B$10001)*($AP15 = [2]SalmonProps!$F$2:$F$10001) *($AR15 = [2]SalmonProps!$G$2:$G$10001),0), 19))} -> NA | M15: {=IF(ISBLANK($AQ15), "", INDEX([2]SalmonProps!$A$2:$AA$10001,MATCH(1,($A15=[2]SalmonProps!$A$2:$A$10001)*(2=[2]SalmonProps!$C$2:$C$10001)*(3=[2]SalmonProps!$D$2:$D$10001)*("A1" = [2]SalmonProps!$B$2:$B$10001)*($AP15 = [2]SalmonProps!$F$2:$F$10001) *($AR15 = [2]SalmonProps!$G$2:$G$10001),0), 19))} -> NA | N15: {=IF(ISBLANK($AQ15), "", INDEX([2]SalmonProps!$A$2:$AA$10001,MATCH(1,($A15=[2]SalmonProps!$A$2:$A$10001)*(3=[2]SalmonProps!$C$2:$C$10001)*(3=[2]SalmonProps!$D$2:$D$10001)*("A1" = [2]SalmonProps!$B$2:$B$10001)*($AP15 = [2]SalmonProps!$F$2:$F$10001) *($AR15 = [2]SalmonProps!$G$2:$G$10001),0), 19))} -> NA | O15: {=IF(ISBLANK($AQ15), "", INDEX([2]SalmonProps!$A$2:$AA$10001,MATCH(1,($A15=[2]SalmonProps!$A$2:$A$10001)*(1=[2]SalmonProps!$C$2:$C$10001)*(1=[2]SalmonProps!$D$2:$D$10001)*("A2" = [2]SalmonProps!$B$2:$B$10001)*($AP15 = [2]SalmonProps!$F$2:$F$10001) *($AR15 = [2]SalmonProps!$G$2:$G$10001),0), 19))} -> NA | P15: {=IF(ISBLANK($AQ15), "", INDEX([2]SalmonProps!$A$2:$AA$10001,MATCH(1,($A15=[2]SalmonProps!$A$2:$A$10001)*(2=[2]SalmonProps!$C$2:$C$10001)*(1=[2]SalmonProps!$D$2:$D$10001)*("A2" = [2]SalmonProps!$B$2:$B$10001)*($AP15 = [2]SalmonProps!$F$2:$F$10001) *($AR15 = [2]SalmonProps!$G$2:$G$10001),0), 19))} -> NA | Q15: {=IF(ISBLANK($AQ15), "", INDEX([2]SalmonProps!$A$2:$AA$10001,MATCH(1,($A15=[2]SalmonProps!$A$2:$A$10001)*(3=[2]SalmonProps!$C$2:$C$10001)*(1=[2]SalmonProps!$D$2:$D$10001)*("A2" = [2]SalmonProps!$B$2:$B$10001)*($AP15 = [2]SalmonProps!$F$2:$F$10001) *($AR15 = [2]SalmonProps!$G$2:$G$10001),0), 19))} -> NA | R15: {=IF(ISBLANK($AQ15), "", INDEX([2]SalmonProps!$A$2:$AA$10001,MATCH(1,($A15=[2]SalmonProps!$A$2:$A$10001)*(1=[2]SalmonProps!$C$2:$C$10001)*(1=[2]SalmonProps!$D$2:$D$10001)*("A1" = [2]SalmonProps!$B$2:$B$10001)*($AP15 = [2]SalmonProps!$F$2:$F$10001) *($AR15 = [2]SalmonProps!$G$2:$G$10001),0), 18))} -> NA | S15: {=IF(ISBLANK($AQ15), "", INDEX([2]SalmonProps!$A$2:$AA$10001,MATCH(1,($A15=[2]SalmonProps!$A$2:$A$10001)*(1=[2]SalmonProps!$C$2:$C$10001)*(2=[2]SalmonProps!$D$2:$D$10001)*("A1" = [2]SalmonProps!$B$2:$B$10001)*($AP15 = [2]SalmonProps!$F$2:$F$10001) *($AR15 = [2]SalmonProps!$G$2:$G$10001),0), 18))} -> NA | T15: {=IF(ISBLANK($AQ15), "", INDEX([2]SalmonProps!$A$2:$AA$10001,MATCH(1,($A15=[2]SalmonProps!$A$2:$A$10001)*(1=[2]SalmonProps!$C$2:$C$10001)*("1&2"=[2]SalmonProps!$D$2:$D$10001)*("A1" = [2]SalmonProps!$B$2:$B$10001)*($AP15 = [2]SalmonProps!$F$2:$F$10001) *($AR15 = [2]SalmonProps!$G$2:$G$10001),0), 18))} -> NA | U15: {=IF(ISBLANK($AQ15), "", INDEX([2]SalmonProps!$A$2:$AA$10001,MATCH(1,($A15=[2]SalmonProps!$A$2:$A$10001)*(2=[2]SalmonProps!$C$2:$C$10001)*(3=[2]SalmonProps!$D$2:$D$10001)*("A1" = [2]SalmonProps!$B$2:$B$10001)*($AP15 = [2]SalmonProps!$F$2:$F$10001) *($AR15 = [2]SalmonProps!$G$2:$G$10001),0), 18))} -> NA | V15: {=IF(ISBLANK($AQ15), "", INDEX([2]SalmonProps!$A$2:$AA$10001,MATCH(1,($A15=[2]SalmonProps!$A$2:$A$10001)*(3=[2]SalmonProps!$C$2:$C$10001)*(3=[2]SalmonProps!$D$2:$D$10001)*("A1" = [2]SalmonProps!$B$2:$B$10001)*($AP15 = [2]SalmonProps!$F$2:$F$10001) *($AR15 = [2]SalmonProps!$G$2:$G$10001),0), 18))} -> NA | W15: {=IF(ISBLANK($AQ15), "", INDEX([2]SalmonProps!$A$2:$AA$10001,MATCH(1,($A15=[2]SalmonProps!$A$2:$A$10001)*(1=[2]SalmonProps!$C$2:$C$10001)*(1=[2]SalmonProps!$D$2:$D$10001)*("A2" = [2]SalmonProps!$B$2:$B$10001)*($AP15 = [2]SalmonProps!$F$2:$F$10001) *($AR15 = [2]SalmonProps!$G$2:$G$10001),0), 18))} -> NA | X15: {=IF(ISBLANK($AQ15), "", INDEX([2]SalmonProps!$A$2:$AA$10001,MATCH(1,($A15=[2]SalmonProps!$A$2:$A$10001)*(2=[2]SalmonProps!$C$2:$C$10001)*(1=[2]SalmonProps!$D$2:$D$10001)*("A2" = [2]SalmonProps!$B$2:$B$10001)*($AP15 = [2]SalmonProps!$F$2:$F$10001) *($AR15 = [2]SalmonProps!$G$2:$G$10001),0), 18))} -> NA | Y15: {=IF(ISBLANK($AQ15), "", INDEX([2]SalmonProps!$A$2:$AA$10001,MATCH(1,($A15=[2]SalmonProps!$A$2:$A$10001)*(3=[2]SalmonProps!$C$2:$C$10001)*(1=[2]SalmonProps!$D$2:$D$10001)*("A2" = [2]SalmonProps!$B$2:$B$10001)*($AP15 = [2]SalmonProps!$F$2:$F$10001) *($AR15 = [2]SalmonProps!$G$2:$G$10001),0), 18))} -> NA | Z15: {=IF(ISBLANK($AQ15), "", INDEX([2]SalmonProps!$A$2:$AA$10001,MATCH(1,($A15=[2]SalmonProps!$A$2:$A$10001)*(1=[2]SalmonProps!$C$2:$C$10001)*(1=[2]SalmonProps!$D$2:$D$10001)*("A1" = [2]SalmonProps!$B$2:$B$10001)*($AP15 = [2]SalmonProps!$F$2:$F$10001) *($AR15 = [2]SalmonProps!$G$2:$G$10001),0), 15))} -> 0.0078 | AA15: {=IF(ISBLANK($AQ15), "", INDEX([2]SalmonProps!$A$2:$AA$10001,MATCH(1,($A15=[2]SalmonProps!$A$2:$A$10001)*(1=[2]SalmonProps!$C$2:$C$10001)*(2=[2]SalmonProps!$D$2:$D$10001)*("A1" = [2]SalmonProps!$B$2:$B$10001)*($AP15 = [2]SalmonProps!$F$2:$F$10001) *($AR15 = [2]SalmonProps!$G$2:$G$10001),0), 15))} -> 0.0185 | AB15: {=IF(ISBLANK($AQ15), "", INDEX([2]SalmonProps!$A$2:$AA$10001,MATCH(1,($A15=[2]SalmonProps!$A$2:$A$10001)*(1=[2]SalmonProps!$C$2:$C$10001)*("1&2"=[2]SalmonProps!$D$2:$D$10001)*("A1" = [2]SalmonProps!$B$2:$B$10001)*($AP15 = [2]SalmonProps!$F$2:$F$10001) *($AR15 = [2]SalmonProps!$G$2:$G$10001),0), 15))} -> 0.015 | AC15: {=IF(ISBLANK($AQ15), "", INDEX([2]SalmonProps!$A$2:$AA$10001,MATCH(1,($A15=[2]SalmonProps!$A$2:$A$10001)*(2=[2]SalmonProps!$C$2:$C$10001)*(3=[2]SalmonProps!$D$2:$D$10001)*("A1" = [2]SalmonProps!$B$2:$B$10001)*($AP15 = [2]SalmonProps!$F$2:$F$10001) *($AR15 = [2]SalmonProps!$G$2:$G$10001),0), 15))} -> 0.2128 | AD15: {=IF(ISBLANK($AQ15), "", INDEX([2]SalmonProps!$A$2:$AA$10001,MATCH(1,($A15=[2]SalmonProps!$A$2:$A$10001)*(3=[2]SalmonProps!$C$2:$C$10001)*(3=[2]SalmonProps!$D$2:$D$10001)*("A1" = [2]SalmonProps!$B$2:$B$10001)*($AP15 = [2]SalmonProps!$F$2:$F$10001) *($AR15 = [2]SalmonProps!$G$2:$G$10001),0), 15))} -> 0.3595 | AE15: 0.0639 | AF15: 0.0632 | AG15: 0.2357 | AH15: {=IF(ISBLANK($AQ15), "", INDEX([2]SalmonProps!$A$2:$AA$10001,MATCH(1,($A15=[2]SalmonProps!$A$2:$A$10001)*($AP15 = [2]SalmonProps!$F$2:$F$10001) *($AR15 = [2]SalmonProps!$G$2:$G$10001),0), 24))} -> NA | AI15: {=IF(ISBLANK($AQ15), "", INDEX([2]SalmonProps!$A$2:$AA$10001,MATCH(1,($A15=[2]SalmonProps!$A$2:$A$10001)*($AP15 = [2]SalmonProps!$F$2:$F$10001) *($AR15 = [2]SalmonProps!$G$2:$G$10001),0), 25))} -> NA | AJ15: {=IF(ISBLANK($AQ15), "", INDEX([2]SalmonProps!$A$2:$AA$10001,MATCH(1,($A15=[2]SalmonProps!$A$2:$A$10001)*($AP15 = [2]SalmonProps!$F$2:$F$10001) *($AR15 = [2]SalmonProps!$G$2:$G$10001),0), 20))} -> 61.4 | AK15: {=IF(ISBLANK($AQ15), "", INDEX([2]SalmonProps!$A$2:$AA$10001,MATCH(1,($A15=[2]SalmonProps!$A$2:$A$10001)*($AP15 = [2]SalmonProps!$F$2:$F$10001) *($AR15 = [2]SalmonProps!$G$2:$G$10001),0), 21))} -> 5 | AL15: {=IF(ISBLANK($AQ15), "", INDEX([2]SalmonProps!$A$2:$AA$10001,MATCH(1,($A15=[2]SalmonProps!$A$2:$A$10001)*($AP15 = [2]SalmonProps!$F$2:$F$10001) *($AR15 = [2]SalmonProps!$G$2:$G$10001),0), 22))} -> 75.1 | AM15: {=IF(ISBLANK($AQ15), "", INDEX([2]SalmonProps!$A$2:$AA$10001,MATCH(1,($A15=[2]SalmonProps!$A$2:$A$10001)*($AP15 = [2]SalmonProps!$F$2:$F$10001) *($AR15 = [2]SalmonProps!$G$2:$G$10001),0), 23))} -> 7.6 | AN15: {=IF(ISBLANK($AQ15), "", INDEX([2]SalmonProps!$A$2:$AA$10001,MATCH(1,($A15=[2]SalmonProps!$A$2:$A$10001)*($AP15 = [2]SalmonProps!$F$2:$F$10001) *($AR15 = [2]SalmonProps!$G$2:$G$10001),0), 26))} -> NA | AO15: {=IF(ISBLANK($AQ15), "", INDEX([2]SalmonProps!$A$2:$AA$10001,MATCH(1,($A15=[2]SalmonProps!$A$2:$A$10001)*($AP15 = [2]SalmonProps!$F$2:$F$10001) *($AR15 = [2]SalmonProps!$G$2:$G$10001),0), 27))} -> NA | AP15: 3 | AQ15: ML - Unweighted | AR15: =INDEX($AT$2:$AU$5, MATCH(AQ15,$AT$2:$AT$5, 0), 2) -> Unweighted
A16: ='[1]Passage Estimates'!$A16 -> 45118 | B16: {=IF(ISBLANK($AQ16), "", INDEX([2]SalmonProps!$A$2:$AA$10001,MATCH(1,($A16=[2]SalmonProps!$A$2:$A$10001)*(1=[2]SalmonProps!$C$2:$C$10001)*(1=[2]SalmonProps!$D$2:$D$10001)*("A1" = [2]SalmonProps!$B$2:$B$10001)*($AP16 = [2]SalmonProps!$F$2:$F$10001) *($AR16 = [2]SalmonProps!$G$2:$G$10001),0), 17))} -> 0 | C16: {=IF(ISBLANK($AQ16), "", INDEX([2]SalmonProps!$A$2:$AA$10001,MATCH(1,($A16=[2]SalmonProps!$A$2:$A$10001)*(1=[2]SalmonProps!$C$2:$C$10001)*(2=[2]SalmonProps!$D$2:$D$10001)*("A1" = [2]SalmonProps!$B$2:$B$10001)*($AP16 = [2]SalmonProps!$F$2:$F$10001) *($AR16 = [2]SalmonProps!$G$2:$G$10001),0), 17))} -> 0 | D16: {=IF(ISBLANK($AQ16), "", INDEX([2]SalmonProps!$A$2:$AA$10001,MATCH(1,($A16=[2]SalmonProps!$A$2:$A$10001)*(1=[2]SalmonProps!$C$2:$C$10001)*("1&2"=[2]SalmonProps!$D$2:$D$10001)*("A1" = [2]SalmonProps!$B$2:$B$10001)*($AP16 = [2]SalmonProps!$F$2:$F$10001) *($AR16 = [2]SalmonProps!$G$2:$G$10001),0), 17))} -> 0 | E16: {=IF(ISBLANK($AQ16), "", INDEX([2]SalmonProps!$A$2:$AA$10001,MATCH(1,($A16=[2]SalmonProps!$A$2:$A$10001)*(2=[2]SalmonProps!$C$2:$C$10001)*(3=[2]SalmonProps!$D$2:$D$10001)*("A1" = [2]SalmonProps!$B$2:$B$10001)*($AP16 = [2]SalmonProps!$F$2:$F$10001) *($AR16 = [2]SalmonProps!$G$2:$G$10001),0), 17))} -> 0.0674 | F16: {=IF(ISBLANK($AQ16), "", INDEX([2]SalmonProps!$A$2:$AA$10001,MATCH(1,($A16=[2]SalmonProps!$A$2:$A$10001)*(3=[2]SalmonProps!$C$2:$C$10001)*(3=[2]SalmonProps!$D$2:$D$10001)*("A1" = [2]SalmonProps!$B$2:$B$10001)*($AP16 = [2]SalmonProps!$F$2:$F$10001) *($AR16 = [2]SalmonProps!$G$2:$G$10001),0), 17))} -> 0.2944 | G16: {=IF(ISBLANK($AQ16), "", INDEX([2]SalmonProps!$A$2:$AA$10001,MATCH(1,($A16=[2]SalmonProps!$A$2:$A$10001)*(1=[2]SalmonProps!$C$2:$C$10001)*(1=[2]SalmonProps!$D$2:$D$10001)*("A2" = [2]SalmonProps!$B$2:$B$10001)*($AP16 = [2]SalmonProps!$F$2:$F$10001) *($AR16 = [2]SalmonProps!$G$2:$G$10001),0), 17))} -> 0 | H16: {=IF(ISBLANK($AQ16), "", INDEX([2]SalmonProps!$A$2:$AA$10001,MATCH(1,($A16=[2]SalmonProps!$A$2:$A$10001)*(2=[2]SalmonProps!$C$2:$C$10001)*(1=[2]SalmonProps!$D$2:$D$10001)*("A2" = [2]SalmonProps!$B$2:$B$10001)*($AP16 = [2]SalmonProps!$F$2:$F$10001) *($AR16 = [2]SalmonProps!$G$2:$G$10001),0), 17))} -> 0.0333 | I16: {=IF(ISBLANK($AQ16), "", INDEX([2]SalmonProps!$A$2:$AA$10001,MATCH(1,($A16=[2]SalmonProps!$A$2:$A$10001)*(3=[2]SalmonProps!$C$2:$C$10001)*(1=[2]SalmonProps!$D$2:$D$10001)*("A2" = [2]SalmonProps!$B$2:$B$10001)*($AP16 = [2]SalmonProps!$F$2:$F$10001) *($AR16 = [2]SalmonProps!$G$2:$G$10001),0), 17))} -> 0.0694 | J16: {=IF(ISBLANK($AQ16), "", INDEX([2]SalmonProps!$A$2:$AA$10001,MATCH(1,($A16=[2]SalmonProps!$A$2:$A$10001)*(1=[2]SalmonProps!$C$2:$C$10001)*(1=[2]SalmonProps!$D$2:$D$10001)*("A1" = [2]SalmonProps!$B$2:$B$10001)*($AP16 = [2]SalmonProps!$F$2:$F$10001) *($AR16 = [2]SalmonProps!$G$2:$G$10001),0), 19))} -> NA | K16: {=IF(ISBLANK($AQ16), "", INDEX([2]SalmonProps!$A$2:$AA$10001,MATCH(1,($A16=[2]SalmonProps!$A$2:$A$10001)*(1=[2]SalmonProps!$C$2:$C$10001)*(2=[2]SalmonProps!$D$2:$D$10001)*("A1" = [2]SalmonProps!$B$2:$B$10001)*($AP16 = [2]SalmonProps!$F$2:$F$10001) *($AR16 = [2]SalmonProps!$G$2:$G$10001),0), 19))} -> NA | L16: {=IF(ISBLANK($AQ16), "", INDEX([2]SalmonProps!$A$2:$AA$10001,MATCH(1,($A16=[2]SalmonProps!$A$2:$A$10001)*(1=[2]SalmonProps!$C$2:$C$10001)*("1&2"=[2]SalmonProps!$D$2:$D$10001)*("A1" = [2]SalmonProps!$B$2:$B$10001)*($AP16 = [2]SalmonProps!$F$2:$F$10001) *($AR16 = [2]SalmonProps!$G$2:$G$10001),0), 19))} -> NA | M16: {=IF(ISBLANK($AQ16), "", INDEX([2]SalmonProps!$A$2:$AA$10001,MATCH(1,($A16=[2]SalmonProps!$A$2:$A$10001)*(2=[2]SalmonProps!$C$2:$C$10001)*(3=[2]SalmonProps!$D$2:$D$10001)*("A1" = [2]SalmonProps!$B$2:$B$10001)*($AP16 = [2]SalmonProps!$F$2:$F$10001) *($AR16 = [2]SalmonProps!$G$2:$G$10001),0), 19))} -> NA | N16: {=IF(ISBLANK($AQ16), "", INDEX([2]SalmonProps!$A$2:$AA$10001,MATCH(1,($A16=[2]SalmonProps!$A$2:$A$10001)*(3=[2]SalmonProps!$C$2:$C$10001)*(3=[2]SalmonProps!$D$2:$D$10001)*("A1" = [2]SalmonProps!$B$2:$B$10001)*($AP16 = [2]SalmonProps!$F$2:$F$10001) *($AR16 = [2]SalmonProps!$G$2:$G$10001),0), 19))} -> NA | O16: {=IF(ISBLANK($AQ16), "", INDEX([2]SalmonProps!$A$2:$AA$10001,MATCH(1,($A16=[2]SalmonProps!$A$2:$A$10001)*(1=[2]SalmonProps!$C$2:$C$10001)*(1=[2]SalmonProps!$D$2:$D$10001)*("A2" = [2]SalmonProps!$B$2:$B$10001)*($AP16 = [2]SalmonProps!$F$2:$F$10001) *($AR16 = [2]SalmonProps!$G$2:$G$10001),0), 19))} -> NA | P16: {=IF(ISBLANK($AQ16), "", INDEX([2]SalmonProps!$A$2:$AA$10001,MATCH(1,($A16=[2]SalmonProps!$A$2:$A$10001)*(2=[2]SalmonProps!$C$2:$C$10001)*(1=[2]SalmonProps!$D$2:$D$10001)*("A2" = [2]SalmonProps!$B$2:$B$10001)*($AP16 = [2]SalmonProps!$F$2:$F$10001) *($AR16 = [2]SalmonProps!$G$2:$G$10001),0), 19))} -> NA | Q16: {=IF(ISBLANK($AQ16), "", INDEX([2]SalmonProps!$A$2:$AA$10001,MATCH(1,($A16=[2]SalmonProps!$A$2:$A$10001)*(3=[2]SalmonProps!$C$2:$C$10001)*(1=[2]SalmonProps!$D$2:$D$10001)*("A2" = [2]SalmonProps!$B$2:$B$10001)*($AP16 = [2]SalmonProps!$F$2:$F$10001) *($AR16 = [2]SalmonProps!$G$2:$G$10001),0), 19))} -> NA | R16: {=IF(ISBLANK($AQ16), "", INDEX([2]SalmonProps!$A$2:$AA$10001,MATCH(1,($A16=[2]SalmonProps!$A$2:$A$10001)*(1=[2]SalmonProps!$C$2:$C$10001)*(1=[2]SalmonProps!$D$2:$D$10001)*("A1" = [2]SalmonProps!$B$2:$B$10001)*($AP16 = [2]SalmonProps!$F$2:$F$10001) *($AR16 = [2]SalmonProps!$G$2:$G$10001),0), 18))} -> NA | S16: {=IF(ISBLANK($AQ16), "", INDEX([2]SalmonProps!$A$2:$AA$10001,MATCH(1,($A16=[2]SalmonProps!$A$2:$A$10001)*(1=[2]SalmonProps!$C$2:$C$10001)*(2=[2]SalmonProps!$D$2:$D$10001)*("A1" = [2]SalmonProps!$B$2:$B$10001)*($AP16 = [2]SalmonProps!$F$2:$F$10001) *($AR16 = [2]SalmonProps!$G$2:$G$10001),0), 18))} -> NA | T16: {=IF(ISBLANK($AQ16), "", INDEX([2]SalmonProps!$A$2:$AA$10001,MATCH(1,($A16=[2]SalmonProps!$A$2:$A$10001)*(1=[2]SalmonProps!$C$2:$C$10001)*("1&2"=[2]SalmonProps!$D$2:$D$10001)*("A1" = [2]SalmonProps!$B$2:$B$10001)*($AP16 = [2]SalmonProps!$F$2:$F$10001) *($AR16 = [2]SalmonProps!$G$2:$G$10001),0), 18))} -> NA | U16: {=IF(ISBLANK($AQ16), "", INDEX([2]SalmonProps!$A$2:$AA$10001,MATCH(1,($A16=[2]SalmonProps!$A$2:$A$10001)*(2=[2]SalmonProps!$C$2:$C$10001)*(3=[2]SalmonProps!$D$2:$D$10001)*("A1" = [2]SalmonProps!$B$2:$B$10001)*($AP16 = [2]SalmonProps!$F$2:$F$10001) *($AR16 = [2]SalmonProps!$G$2:$G$10001),0), 18))} -> NA | V16: {=IF(ISBLANK($AQ16), "", INDEX([2]SalmonProps!$A$2:$AA$10001,MATCH(1,($A16=[2]SalmonProps!$A$2:$A$10001)*(3=[2]SalmonProps!$C$2:$C$10001)*(3=[2]SalmonProps!$D$2:$D$10001)*("A1" = [2]SalmonProps!$B$2:$B$10001)*($AP16 = [2]SalmonProps!$F$2:$F$10001) *($AR16 = [2]SalmonProps!$G$2:$G$10001),0), 18))} -> NA | W16: {=IF(ISBLANK($AQ16), "", INDEX([2]SalmonProps!$A$2:$AA$10001,MATCH(1,($A16=[2]SalmonProps!$A$2:$A$10001)*(1=[2]SalmonProps!$C$2:$C$10001)*(1=[2]SalmonProps!$D$2:$D$10001)*("A2" = [2]SalmonProps!$B$2:$B$10001)*($AP16 = [2]SalmonProps!$F$2:$F$10001) *($AR16 = [2]SalmonProps!$G$2:$G$10001),0), 18))} -> NA | X16: {=IF(ISBLANK($AQ16), "", INDEX([2]SalmonProps!$A$2:$AA$10001,MATCH(1,($A16=[2]SalmonProps!$A$2:$A$10001)*(2=[2]SalmonProps!$C$2:$C$10001)*(1=[2]SalmonProps!$D$2:$D$10001)*("A2" = [2]SalmonProps!$B$2:$B$10001)*($AP16 = [2]SalmonProps!$F$2:$F$10001) *($AR16 = [2]SalmonProps!$G$2:$G$10001),0), 18))} -> NA | Y16: {=IF(ISBLANK($AQ16), "", INDEX([2]SalmonProps!$A$2:$AA$10001,MATCH(1,($A16=[2]SalmonProps!$A$2:$A$10001)*(3=[2]SalmonProps!$C$2:$C$10001)*(1=[2]SalmonProps!$D$2:$D$10001)*("A2" = [2]SalmonProps!$B$2:$B$10001)*($AP16 = [2]SalmonProps!$F$2:$F$10001) *($AR16 = [2]SalmonProps!$G$2:$G$10001),0), 18))} -> NA | Z16: {=IF(ISBLANK($AQ16), "", INDEX([2]SalmonProps!$A$2:$AA$10001,MATCH(1,($A16=[2]SalmonProps!$A$2:$A$10001)*(1=[2]SalmonProps!$C$2:$C$10001)*(1=[2]SalmonProps!$D$2:$D$10001)*("A1" = [2]SalmonProps!$B$2:$B$10001)*($AP16 = [2]SalmonProps!$F$2:$F$10001) *($AR16 = [2]SalmonProps!$G$2:$G$10001),0), 15))} -> 0.0505 | AA16: {=IF(ISBLANK($AQ16), "", INDEX([2]SalmonProps!$A$2:$AA$10001,MATCH(1,($A16=[2]SalmonProps!$A$2:$A$10001)*(1=[2]SalmonProps!$C$2:$C$10001)*(2=[2]SalmonProps!$D$2:$D$10001)*("A1" = [2]SalmonProps!$B$2:$B$10001)*($AP16 = [2]SalmonProps!$F$2:$F$10001) *($AR16 = [2]SalmonProps!$G$2:$G$10001),0), 15))} -> 0.0252 | AB16: {=IF(ISBLANK($AQ16), "", INDEX([2]SalmonProps!$A$2:$AA$10001,MATCH(1,($A16=[2]SalmonProps!$A$2:$A$10001)*(1=[2]SalmonProps!$C$2:$C$10001)*("1&2"=[2]SalmonProps!$D$2:$D$10001)*("A1" = [2]SalmonProps!$B$2:$B$10001)*($AP16 = [2]SalmonProps!$F$2:$F$10001) *($AR16 = [2]SalmonProps!$G$2:$G$10001),0), 15))} -> 0.0377 | AC16: {=IF(ISBLANK($AQ16), "", INDEX([2]SalmonProps!$A$2:$AA$10001,MATCH(1,($A16=[2]SalmonProps!$A$2:$A$10001)*(2=[2]SalmonProps!$C$2:$C$10001)*(3=[2]SalmonProps!$D$2:$D$10001)*("A1" = [2]SalmonProps!$B$2:$B$10001)*($AP16 = [2]SalmonProps!$F$2:$F$10001) *($AR16 = [2]SalmonProps!$G$2:$G$10001),0), 15))} -> 0.1881 | AD16: {=IF(ISBLANK($AQ16), "", INDEX([2]SalmonProps!$A$2:$AA$10001,MATCH(1,($A16=[2]SalmonProps!$A$2:$A$10001)*(3=[2]SalmonProps!$C$2:$C$10001)*(3=[2]SalmonProps!$D$2:$D$10001)*("A1" = [2]SalmonProps!$B$2:$B$10001)*($AP16 = [2]SalmonProps!$F$2:$F$10001) *($AR16 = [2]SalmonProps!$G$2:$G$10001),0), 15))} -> 0.4809 | AE16: {=IF(ISBLANK($AQ16), "", INDEX([2]SalmonProps!$A$2:$AA$10001,MATCH(1,($A16=[2]SalmonProps!$A$2:$A$10001)*(1=[2]SalmonProps!$C$2:$C$10001)*(1=[2]SalmonProps!$D$2:$D$10001)*("A2" = [2]SalmonProps!$B$2:$B$10001)*($AP16 = [2]SalmonProps!$F$2:$F$10001) *($AR16 = [2]SalmonProps!$G$2:$G$10001),0), 15))} -> 0.0639 | AF16: {=IF(ISBLANK($AQ16), "", INDEX([2]SalmonProps!$A$2:$AA$10001,MATCH(1,($A16=[2]SalmonProps!$A$2:$A$10001)*(2=[2]SalmonProps!$C$2:$C$10001)*(1=[2]SalmonProps!$D$2:$D$10001)*("A2" = [2]SalmonProps!$B$2:$B$10001)*($AP16 = [2]SalmonProps!$F$2:$F$10001) *($AR16 = [2]SalmonProps!$G$2:$G$10001),0), 15))} -> 0.0632 | AG16: {=IF(ISBLANK($AQ16), "", INDEX([2]SalmonProps!$A$2:$AA$10001,MATCH(1,($A16=[2]SalmonProps!$A$2:$A$10001)*(3=[2]SalmonProps!$C$2:$C$10001)*(1=[2]SalmonProps!$D$2:$D$10001)*("A2" = [2]SalmonProps!$B$2:$B$10001)*($AP16 = [2]SalmonProps!$F$2:$F$10001) *($AR16 = [2]SalmonProps!$G$2:$G$10001),0), 15))} -> 0.2357 | AH16: {=IF(ISBLANK($AQ16), "", INDEX([2]SalmonProps!$A$2:$AA$10001,MATCH(1,($A16=[2]SalmonProps!$A$2:$A$10001)*($AP16 = [2]SalmonProps!$F$2:$F$10001) *($AR16 = [2]SalmonProps!$G$2:$G$10001),0), 24))} -> NA | AI16: {=IF(ISBLANK($AQ16), "", INDEX([2]SalmonProps!$A$2:$AA$10001,MATCH(1,($A16=[2]SalmonProps!$A$2:$A$10001)*($AP16 = [2]SalmonProps!$F$2:$F$10001) *($AR16 = [2]SalmonProps!$G$2:$G$10001),0), 25))} -> NA | AJ16: {=IF(ISBLANK($AQ16), "", INDEX([2]SalmonProps!$A$2:$AA$10001,MATCH(1,($A16=[2]SalmonProps!$A$2:$A$10001)*($AP16 = [2]SalmonProps!$F$2:$F$10001) *($AR16 = [2]SalmonProps!$G$2:$G$10001),0), 20))} -> 61.4 | AK16: {=IF(ISBLANK($AQ16), "", INDEX([2]SalmonProps!$A$2:$AA$10001,MATCH(1,($A16=[2]SalmonProps!$A$2:$A$10001)*($AP16 = [2]SalmonProps!$F$2:$F$10001) *($AR16 = [2]SalmonProps!$G$2:$G$10001),0), 21))} -> 5 | AL16: {=IF(ISBLANK($AQ16), "", INDEX([2]SalmonProps!$A$2:$AA$10001,MATCH(1,($A16=[2]SalmonProps!$A$2:$A$10001)*($AP16 = [2]SalmonProps!$F$2:$F$10001) *($AR16 = [2]SalmonProps!$G$2:$G$10001),0), 22))} -> 75.1 | AM16: {=IF(ISBLANK($AQ16), "", INDEX([2]SalmonProps!$A$2:$AA$10001,MATCH(1,($A16=[2]SalmonProps!$A$2:$A$10001)*($AP16 = [2]SalmonProps!$F$2:$F$10001) *($AR16 = [2]SalmonProps!$G$2:$G$10001),0), 23))} -> 7.6 | AN16: {=IF(ISBLANK($AQ16), "", INDEX([2]SalmonProps!$A$2:$AA$10001,MATCH(1,($A16=[2]SalmonProps!$A$2:$A$10001)*($AP16 = [2]SalmonProps!$F$2:$F$10001) *($AR16 = [2]SalmonProps!$G$2:$G$10001),0), 26))} -> NA | AO16: {=IF(ISBLANK($AQ16), "", INDEX([2]SalmonProps!$A$2:$AA$10001,MATCH(1,($A16=[2]SalmonProps!$A$2:$A$10001)*($AP16 = [2]SalmonProps!$F$2:$F$10001) *($AR16 = [2]SalmonProps!$G$2:$G$10001),0), 27))} -> NA | AP16: 3 | AQ16: ML - Unweighted | AR16: =INDEX($AT$2:$AU$5, MATCH(AQ16,$AT$2:$AT$5, 0), 2) -> Unweighted
A17: ='[1]Passage Estimates'!$A17 -> 45119 | B17: {=IF(ISBLANK($AQ17), "", INDEX([2]SalmonProps!$A$2:$AA$10001,MATCH(1,($A17=[2]SalmonProps!$A$2:$A$10001)*(1=[2]SalmonProps!$C$2:$C$10001)*(1=[2]SalmonProps!$D$2:$D$10001)*("A1" = [2]SalmonProps!$B$2:$B$10001)*($AP17 = [2]SalmonProps!$F$2:$F$10001) *($AR17 = [2]SalmonProps!$G$2:$G$10001),0), 17))} -> 0.0079 | C17: {=IF(ISBLANK($AQ17), "", INDEX([2]SalmonProps!$A$2:$AA$10001,MATCH(1,($A17=[2]SalmonProps!$A$2:$A$10001)*(1=[2]SalmonProps!$C$2:$C$10001)*(2=[2]SalmonProps!$D$2:$D$10001)*("A1" = [2]SalmonProps!$B$2:$B$10001)*($AP17 = [2]SalmonProps!$F$2:$F$10001) *($AR17 = [2]SalmonProps!$G$2:$G$10001),0), 17))} -> 0 | D17: {=IF(ISBLANK($AQ17), "", INDEX([2]SalmonProps!$A$2:$AA$10001,MATCH(1,($A17=[2]SalmonProps!$A$2:$A$10001)*(1=[2]SalmonProps!$C$2:$C$10001)*("1&2"=[2]SalmonProps!$D$2:$D$10001)*("A1" = [2]SalmonProps!$B$2:$B$10001)*($AP17 = [2]SalmonProps!$F$2:$F$10001) *($AR17 = [2]SalmonProps!$G$2:$G$10001),0), 17))} -> 0.0009 | E17: {=IF(ISBLANK($AQ17), "", INDEX([2]SalmonProps!$A$2:$AA$10001,MATCH(1,($A17=[2]SalmonProps!$A$2:$A$10001)*(2=[2]SalmonProps!$C$2:$C$10001)*(3=[2]SalmonProps!$D$2:$D$10001)*("A1" = [2]SalmonProps!$B$2:$B$10001)*($AP17 = [2]SalmonProps!$F$2:$F$10001) *($AR17 = [2]SalmonProps!$G$2:$G$10001),0), 17))} -> 0.1228 | F17: {=IF(ISBLANK($AQ17), "", INDEX([2]SalmonProps!$A$2:$AA$10001,MATCH(1,($A17=[2]SalmonProps!$A$2:$A$10001)*(3=[2]SalmonProps!$C$2:$C$10001)*(3=[2]SalmonProps!$D$2:$D$10001)*("A1" = [2]SalmonProps!$B$2:$B$10001)*($AP17 = [2]SalmonProps!$F$2:$F$10001) *($AR17 = [2]SalmonProps!$G$2:$G$10001),0), 17))} -> 0.5043 | G17: {=IF(ISBLANK($AQ17), "", INDEX([2]SalmonProps!$A$2:$AA$10001,MATCH(1,($A17=[2]SalmonProps!$A$2:$A$10001)*(1=[2]SalmonProps!$C$2:$C$10001)*(1=[2]SalmonProps!$D$2:$D$10001)*("A2" = [2]SalmonProps!$B$2:$B$10001)*($AP17 = [2]SalmonProps!$F$2:$F$10001) *($AR17 = [2]SalmonProps!$G$2:$G$10001),0), 17))} -> 0 | H17: {=IF(ISBLANK($AQ17), "", INDEX([2]SalmonProps!$A$2:$AA$10001,MATCH(1,($A17=[2]SalmonProps!$A$2:$A$10001)*(2=[2]SalmonProps!$C$2:$C$10001)*(1=[2]SalmonProps!$D$2:$D$10001)*("A2" = [2]SalmonProps!$B$2:$B$10001)*($AP17 = [2]SalmonProps!$F$2:$F$10001) *($AR17 = [2]SalmonProps!$G$2:$G$10001),0), 17))} -> 0.01 | I17: {=IF(ISBLANK($AQ17), "", INDEX([2]SalmonProps!$A$2:$AA$10001,MATCH(1,($A17=[2]SalmonProps!$A$2:$A$10001)*(3=[2]SalmonProps!$C$2:$C$10001)*(1=[2]SalmonProps!$D$2:$D$10001)*("A2" = [2]SalmonProps!$B$2:$B$10001)*($AP17 = [2]SalmonProps!$F$2:$F$10001) *($AR17 = [2]SalmonProps!$G$2:$G$10001),0), 17))} -> 0.0353 | J17: {=IF(ISBLANK($AQ17), "", INDEX([2]SalmonProps!$A$2:$AA$10001,MATCH(1,($A17=[2]SalmonProps!$A$2:$A$10001)*(1=[2]SalmonProps!$C$2:$C$10001)*(1=[2]SalmonProps!$D$2:$D$10001)*("A1" = [2]SalmonProps!$B$2:$B$10001)*($AP17 = [2]SalmonProps!$F$2:$F$10001) *($AR17 = [2]SalmonProps!$G$2:$G$10001),0), 19))} -> NA | K17: {=IF(ISBLANK($AQ17), "", INDEX([2]SalmonProps!$A$2:$AA$10001,MATCH(1,($A17=[2]SalmonProps!$A$2:$A$10001)*(1=[2]SalmonProps!$C$2:$C$10001)*(2=[2]SalmonProps!$D$2:$D$10001)*("A1" = [2]SalmonProps!$B$2:$B$10001)*($AP17 = [2]SalmonProps!$F$2:$F$10001) *($AR17 = [2]SalmonProps!$G$2:$G$10001),0), 19))} -> NA | L17: {=IF(ISBLANK($AQ17), "", INDEX([2]SalmonProps!$A$2:$AA$10001,MATCH(1,($A17=[2]SalmonProps!$A$2:$A$10001)*(1=[2]SalmonProps!$C$2:$C$10001)*("1&2"=[2]SalmonProps!$D$2:$D$10001)*("A1" = [2]SalmonProps!$B$2:$B$10001)*($AP17 = [2]SalmonProps!$F$2:$F$10001) *($AR17 = [2]SalmonProps!$G$2:$G$10001),0), 19))} -> NA | M17: {=IF(ISBLANK($AQ17), "", INDEX([2]SalmonProps!$A$2:$AA$10001,MATCH(1,($A17=[2]SalmonProps!$A$2:$A$10001)*(2=[2]SalmonProps!$C$2:$C$10001)*(3=[2]SalmonProps!$D$2:$D$10001)*("A1" = [2]SalmonProps!$B$2:$B$10001)*($AP17 = [2]SalmonProps!$F$2:$F$10001) *($AR17 = [2]SalmonProps!$G$2:$G$10001),0), 19))} -> NA | N17: {=IF(ISBLANK($AQ17), "", INDEX([2]SalmonProps!$A$2:$AA$10001,MATCH(1,($A17=[2]SalmonProps!$A$2:$A$10001)*(3=[2]SalmonProps!$C$2:$C$10001)*(3=[2]SalmonProps!$D$2:$D$10001)*("A1" = [2]SalmonProps!$B$2:$B$10001)*($AP17 = [2]SalmonProps!$F$2:$F$10001) *($AR17 = [2]SalmonProps!$G$2:$G$10001),0), 19))} -> NA | O17: {=IF(ISBLANK($AQ17), "", INDEX([2]SalmonProps!$A$2:$AA$10001,MATCH(1,($A17=[2]SalmonProps!$A$2:$A$10001)*(1=[2]SalmonProps!$C$2:$C$10001)*(1=[2]SalmonProps!$D$2:$D$10001)*("A2" = [2]SalmonProps!$B$2:$B$10001)*($AP17 = [2]SalmonProps!$F$2:$F$10001) *($AR17 = [2]SalmonProps!$G$2:$G$10001),0), 19))} -> NA | P17: {=IF(ISBLANK($AQ17), "", INDEX([2]SalmonProps!$A$2:$AA$10001,MATCH(1,($A17=[2]SalmonProps!$A$2:$A$10001)*(2=[2]SalmonProps!$C$2:$C$10001)*(1=[2]SalmonProps!$D$2:$D$10001)*("A2" = [2]SalmonProps!$B$2:$B$10001)*($AP17 = [2]SalmonProps!$F$2:$F$10001) *($AR17 = [2]SalmonProps!$G$2:$G$10001),0), 19))} -> NA | Q17: {=IF(ISBLANK($AQ17), "", INDEX([2]SalmonProps!$A$2:$AA$10001,MATCH(1,($A17=[2]SalmonProps!$A$2:$A$10001)*(3=[2]SalmonProps!$C$2:$C$10001)*(1=[2]SalmonProps!$D$2:$D$10001)*("A2" = [2]SalmonProps!$B$2:$B$10001)*($AP17 = [2]SalmonProps!$F$2:$F$10001) *($AR17 = [2]SalmonProps!$G$2:$G$10001),0), 19))} -> NA | R17: {=IF(ISBLANK($AQ17), "", INDEX([2]SalmonProps!$A$2:$AA$10001,MATCH(1,($A17=[2]SalmonProps!$A$2:$A$10001)*(1=[2]SalmonProps!$C$2:$C$10001)*(1=[2]SalmonProps!$D$2:$D$10001)*("A1" = [2]SalmonProps!$B$2:$B$10001)*($AP17 = [2]SalmonProps!$F$2:$F$10001) *($AR17 = [2]SalmonProps!$G$2:$G$10001),0), 18))} -> NA | S17: {=IF(ISBLANK($AQ17), "", INDEX([2]SalmonProps!$A$2:$AA$10001,MATCH(1,($A17=[2]SalmonProps!$A$2:$A$10001)*(1=[2]SalmonProps!$C$2:$C$10001)*(2=[2]SalmonProps!$D$2:$D$10001)*("A1" = [2]SalmonProps!$B$2:$B$10001)*($AP17 = [2]SalmonProps!$F$2:$F$10001) *($AR17 = [2]SalmonProps!$G$2:$G$10001),0), 18))} -> NA | T17: {=IF(ISBLANK($AQ17), "", INDEX([2]SalmonProps!$A$2:$AA$10001,MATCH(1,($A17=[2]SalmonProps!$A$2:$A$10001)*(1=[2]SalmonProps!$C$2:$C$10001)*("1&2"=[2]SalmonProps!$D$2:$D$10001)*("A1" = [2]SalmonProps!$B$2:$B$10001)*($AP17 = [2]SalmonProps!$F$2:$F$10001) *($AR17 = [2]SalmonProps!$G$2:$G$10001),0), 18))} -> NA | U17: {=IF(ISBLANK($AQ17), "", INDEX([2]SalmonProps!$A$2:$AA$10001,MATCH(1,($A17=[2]SalmonProps!$A$2:$A$10001)*(2=[2]SalmonProps!$C$2:$C$10001)*(3=[2]SalmonProps!$D$2:$D$10001)*("A1" = [2]SalmonProps!$B$2:$B$10001)*($AP17 = [2]SalmonProps!$F$2:$F$10001) *($AR17 = [2]SalmonProps!$G$2:$G$10001),0), 18))} -> NA | V17: {=IF(ISBLANK($AQ17), "", INDEX([2]SalmonProps!$A$2:$AA$10001,MATCH(1,($A17=[2]SalmonProps!$A$2:$A$10001)*(3=[2]SalmonProps!$C$2:$C$10001)*(3=[2]SalmonProps!$D$2:$D$10001)*("A1" = [2]SalmonProps!$B$2:$B$10001)*($AP17 = [2]SalmonProps!$F$2:$F$10001) *($AR17 = [2]SalmonProps!$G$2:$G$10001),0), 18))} -> NA | W17: {=IF(ISBLANK($AQ17), "", INDEX([2]SalmonProps!$A$2:$AA$10001,MATCH(1,($A17=[2]SalmonProps!$A$2:$A$10001)*(1=[2]SalmonProps!$C$2:$C$10001)*(1=[2]SalmonProps!$D$2:$D$10001)*("A2" = [2]SalmonProps!$B$2:$B$10001)*($AP17 = [2]SalmonProps!$F$2:$F$10001) *($AR17 = [2]SalmonProps!$G$2:$G$10001),0), 18))} -> NA | X17: {=IF(ISBLANK($AQ17), "", INDEX([2]SalmonProps!$A$2:$AA$10001,MATCH(1,($A17=[2]SalmonProps!$A$2:$A$10001)*(2=[2]SalmonProps!$C$2:$C$10001)*(1=[2]SalmonProps!$D$2:$D$10001)*("A2" = [2]SalmonProps!$B$2:$B$10001)*($AP17 = [2]SalmonProps!$F$2:$F$10001) *($AR17 = [2]SalmonProps!$G$2:$G$10001),0), 18))} -> NA | Y17: {=IF(ISBLANK($AQ17), "", INDEX([2]SalmonProps!$A$2:$AA$10001,MATCH(1,($A17=[2]SalmonProps!$A$2:$A$10001)*(3=[2]SalmonProps!$C$2:$C$10001)*(1=[2]SalmonProps!$D$2:$D$10001)*("A2" = [2]SalmonProps!$B$2:$B$10001)*($AP17 = [2]SalmonProps!$F$2:$F$10001) *($AR17 = [2]SalmonProps!$G$2:$G$10001),0), 18))} -> NA | Z17: {=IF(ISBLANK($AQ17), "", INDEX([2]SalmonProps!$A$2:$AA$10001,MATCH(1,($A17=[2]SalmonProps!$A$2:$A$10001)*(1=[2]SalmonProps!$C$2:$C$10001)*(1=[2]SalmonProps!$D$2:$D$10001)*("A1" = [2]SalmonProps!$B$2:$B$10001)*($AP17 = [2]SalmonProps!$F$2:$F$10001) *($AR17 = [2]SalmonProps!$G$2:$G$10001),0), 15))} -> 0.0328 | AA17: {=IF(ISBLANK($AQ17), "", INDEX([2]SalmonProps!$A$2:$AA$10001,MATCH(1,($A17=[2]SalmonProps!$A$2:$A$10001)*(1=[2]SalmonProps!$C$2:$C$10001)*(2=[2]SalmonProps!$D$2:$D$10001)*("A1" = [2]SalmonProps!$B$2:$B$10001)*($AP17 = [2]SalmonProps!$F$2:$F$10001) *($AR17 = [2]SalmonProps!$G$2:$G$10001),0), 15))} -> 0.0686 | AB17: {=IF(ISBLANK($AQ17), "", INDEX([2]SalmonProps!$A$2:$AA$10001,MATCH(1,($A17=[2]SalmonProps!$A$2:$A$10001)*(1=[2]SalmonProps!$C$2:$C$10001)*("1&2"=[2]SalmonProps!$D$2:$D$10001)*("A1" = [2]SalmonProps!$B$2:$B$10001)*($AP17 = [2]SalmonProps!$F$2:$F$10001) *($AR17 = [2]SalmonProps!$G$2:$G$10001),0), 15))} -> 0.0389 | AC17: {=IF(ISBLANK($AQ17), "", INDEX([2]SalmonProps!$A$2:$AA$10001,MATCH(1,($A17=[2]SalmonProps!$A$2:$A$10001)*(2=[2]SalmonProps!$C$2:$C$10001)*(3=[2]SalmonProps!$D$2:$D$10001)*("A1" = [2]SalmonProps!$B$2:$B$10001)*($AP17 = [2]SalmonProps!$F$2:$F$10001) *($AR17 = [2]SalmonProps!$G$2:$G$10001),0), 15))} -> 0.2989 | AD17: {=IF(ISBLANK($AQ17), "", INDEX([2]SalmonProps!$A$2:$AA$10001,MATCH(1,($A17=[2]SalmonProps!$A$2:$A$10001)*(3=[2]SalmonProps!$C$2:$C$10001)*(3=[2]SalmonProps!$D$2:$D$10001)*("A1" = [2]SalmonProps!$B$2:$B$10001)*($AP17 = [2]SalmonProps!$F$2:$F$10001) *($AR17 = [2]SalmonProps!$G$2:$G$10001),0), 15))} -> 0.6238 | AE17: {=IF(ISBLANK($AQ17), "", INDEX([2]SalmonProps!$A$2:$AA$10001,MATCH(1,($A17=[2]SalmonProps!$A$2:$A$10001)*(1=[2]SalmonProps!$C$2:$C$10001)*(1=[2]SalmonProps!$D$2:$D$10001)*("A2" = [2]SalmonProps!$B$2:$B$10001)*($AP17 = [2]SalmonProps!$F$2:$F$10001) *($AR17 = [2]SalmonProps!$G$2:$G$10001),0), 15))} -> 0.0718 | AF17: {=IF(ISBLANK($AQ17), "", INDEX([2]SalmonProps!$A$2:$AA$10001,MATCH(1,($A17=[2]SalmonProps!$A$2:$A$10001)*(2=[2]SalmonProps!$C$2:$C$10001)*(1=[2]SalmonProps!$D$2:$D$10001)*("A2" = [2]SalmonProps!$B$2:$B$10001)*($AP17 = [2]SalmonProps!$F$2:$F$10001) *($AR17 = [2]SalmonProps!$G$2:$G$10001),0), 15))} -> 0.0471 | AG17: {=IF(ISBLANK($AQ17), "", INDEX([2]SalmonProps!$A$2:$AA$10001,MATCH(1,($A17=[2]SalmonProps!$A$2:$A$10001)*(3=[2]SalmonProps!$C$2:$C$10001)*(1=[2]SalmonProps!$D$2:$D$10001)*("A2" = [2]SalmonProps!$B$2:$B$10001)*($AP17 = [2]SalmonProps!$F$2:$F$10001) *($AR17 = [2]SalmonProps!$G$2:$G$10001),0), 15))} -> 0.1362 | AH17: {=IF(ISBLANK($AQ17), "", INDEX([2]SalmonProps!$A$2:$AA$10001,MATCH(1,($A17=[2]SalmonProps!$A$2:$A$10001)*($AP17 = [2]SalmonProps!$F$2:$F$10001) *($AR17 = [2]SalmonProps!$G$2:$G$10001),0), 24))} -> NA | AI17: {=IF(ISBLANK($AQ17), "", INDEX([2]SalmonProps!$A$2:$AA$10001,MATCH(1,($A17=[2]SalmonProps!$A$2:$A$10001)*($AP17 = [2]SalmonProps!$F$2:$F$10001) *($AR17 = [2]SalmonProps!$G$2:$G$10001),0), 25))} -> NA | AJ17: {=IF(ISBLANK($AQ17), "", INDEX([2]SalmonProps!$A$2:$AA$10001,MATCH(1,($A17=[2]SalmonProps!$A$2:$A$10001)*($AP17 = [2]SalmonProps!$F$2:$F$10001) *($AR17 = [2]SalmonProps!$G$2:$G$10001),0), 20))} -> 61.4 | AK17: {=IF(ISBLANK($AQ17), "", INDEX([2]SalmonProps!$A$2:$AA$10001,MATCH(1,($A17=[2]SalmonProps!$A$2:$A$10001)*($AP17 = [2]SalmonProps!$F$2:$F$10001) *($AR17 = [2]SalmonProps!$G$2:$G$10001),0), 21))} -> 5 | AL17: {=IF(ISBLANK($AQ17), "", INDEX([2]SalmonProps!$A$2:$AA$10001,MATCH(1,($A17=[2]SalmonProps!$A$2:$A$10001)*($AP17 = [2]SalmonProps!$F$2:$F$10001) *($AR17 = [2]SalmonProps!$G$2:$G$10001),0), 22))} -> 75.1 | AM17: {=IF(ISBLANK($AQ17), "", INDEX([2]SalmonProps!$A$2:$AA$10001,MATCH(1,($A17=[2]SalmonProps!$A$2:$A$10001)*($AP17 = [2]SalmonProps!$F$2:$F$10001) *($AR17 = [2]SalmonProps!$G$2:$G$10001),0), 23))} -> 7.6 | AN17: {=IF(ISBLANK($AQ17), "", INDEX([2]SalmonProps!$A$2:$AA$10001,MATCH(1,($A17=[2]SalmonProps!$A$2:$A$10001)*($AP17 = [2]SalmonProps!$F$2:$F$10001) *($AR17 = [2]SalmonProps!$G$2:$G$10001),0), 26))} -> NA | AO17: {=IF(ISBLANK($AQ17), "", INDEX([2]SalmonProps!$A$2:$AA$10001,MATCH(1,($A17=[2]SalmonProps!$A$2:$A$10001)*($AP17 = [2]SalmonProps!$F$2:$F$10001) *($AR17 = [2]SalmonProps!$G$2:$G$10001),0), 27))} -> NA | AP17: 3 | AQ17: ML - Unweighted | AR17: =INDEX($AT$2:$AU$5, MATCH(AQ17,$AT$2:$AT$5, 0), 2) -> Unweighted
A18: ='[1]Passage Estimates'!$A18 -> 45120 | B18: {=IF(ISBLANK($AQ18), "", INDEX([2]SalmonProps!$A$2:$AA$10001,MATCH(1,($A18=[2]SalmonProps!$A$2:$A$10001)*(1=[2]SalmonProps!$C$2:$C$10001)*(1=[2]SalmonProps!$D$2:$D$10001)*("A1" = [2]SalmonProps!$B$2:$B$10001)*($AP18 = [2]SalmonProps!$F$2:$F$10001) *($AR18 = [2]SalmonProps!$G$2:$G$10001),0), 17))} -> 0.0049 | C18: {=IF(ISBLANK($AQ18), "", INDEX([2]SalmonProps!$A$2:$AA$10001,MATCH(1,($A18=[2]SalmonProps!$A$2:$A$10001)*(1=[2]SalmonProps!$C$2:$C$10001)*(2=[2]SalmonProps!$D$2:$D$10001)*("A1" = [2]SalmonProps!$B$2:$B$10001)*($AP18 = [2]SalmonProps!$F$2:$F$10001) *($AR18 = [2]SalmonProps!$G$2:$G$10001),0), 17))} -> 0 | D18: {=IF(ISBLANK($AQ18), "", INDEX([2]SalmonProps!$A$2:$AA$10001,MATCH(1,($A18=[2]SalmonProps!$A$2:$A$10001)*(1=[2]SalmonProps!$C$2:$C$10001)*("1&2"=[2]SalmonProps!$D$2:$D$10001)*("A1" = [2]SalmonProps!$B$2:$B$10001)*($AP18 = [2]SalmonProps!$F$2:$F$10001) *($AR18 = [2]SalmonProps!$G$2:$G$10001),0), 17))} -> 0 | E18: {=IF(ISBLANK($AQ18), "", INDEX([2]SalmonProps!$A$2:$AA$10001,MATCH(1,($A18=[2]SalmonProps!$A$2:$A$10001)*(2=[2]SalmonProps!$C$2:$C$10001)*(3=[2]SalmonProps!$D$2:$D$10001)*("A1" = [2]SalmonProps!$B$2:$B$10001)*($AP18 = [2]SalmonProps!$F$2:$F$10001) *($AR18 = [2]SalmonProps!$G$2:$G$10001),0), 17))} -> 0.1354 | F18: {=IF(ISBLANK($AQ18), "", INDEX([2]SalmonProps!$A$2:$AA$10001,MATCH(1,($A18=[2]SalmonProps!$A$2:$A$10001)*(3=[2]SalmonProps!$C$2:$C$10001)*(3=[2]SalmonProps!$D$2:$D$10001)*("A1" = [2]SalmonProps!$B$2:$B$10001)*($AP18 = [2]SalmonProps!$F$2:$F$10001) *($AR18 = [2]SalmonProps!$G$2:$G$10001),0), 17))} -> 0.4624 | G18: {=IF(ISBLANK($AQ18), "", INDEX([2]SalmonProps!$A$2:$AA$10001,MATCH(1,($A18=[2]SalmonProps!$A$2:$A$10001)*(1=[2]SalmonProps!$C$2:$C$10001)*(1=[2]SalmonProps!$D$2:$D$10001)*("A2" = [2]SalmonProps!$B$2:$B$10001)*($AP18 = [2]SalmonProps!$F$2:$F$10001) *($AR18 = [2]SalmonProps!$G$2:$G$10001),0), 17))} -> 0 | H18: {=IF(ISBLANK($AQ18), "", INDEX([2]SalmonProps!$A$2:$AA$10001,MATCH(1,($A18=[2]SalmonProps!$A$2:$A$10001)*(2=[2]SalmonProps!$C$2:$C$10001)*(1=[2]SalmonProps!$D$2:$D$10001)*("A2" = [2]SalmonProps!$B$2:$B$10001)*($AP18 = [2]SalmonProps!$F$2:$F$10001) *($AR18 = [2]SalmonProps!$G$2:$G$10001),0), 17))} -> 0.01 | I18: {=IF(ISBLANK($AQ18), "", INDEX([2]SalmonProps!$A$2:$AA$10001,MATCH(1,($A18=[2]SalmonProps!$A$2:$A$10001)*(3=[2]SalmonProps!$C$2:$C$10001)*(1=[2]SalmonProps!$D$2:$D$10001)*("A2" = [2]SalmonProps!$B$2:$B$10001)*($AP18 = [2]SalmonProps!$F$2:$F$10001) *($AR18 = [2]SalmonProps!$G$2:$G$10001),0), 17))} -> 0.0353 | J18: {=IF(ISBLANK($AQ18), "", INDEX([2]SalmonProps!$A$2:$AA$10001,MATCH(1,($A18=[2]SalmonProps!$A$2:$A$10001)*(1=[2]SalmonProps!$C$2:$C$10001)*(1=[2]SalmonProps!$D$2:$D$10001)*("A1" = [2]SalmonProps!$B$2:$B$10001)*($AP18 = [2]SalmonProps!$F$2:$F$10001) *($AR18 = [2]SalmonProps!$G$2:$G$10001),0), 19))} -> NA | K18: {=IF(ISBLANK($AQ18), "", INDEX([2]SalmonProps!$A$2:$AA$10001,MATCH(1,($A18=[2]SalmonProps!$A$2:$A$10001)*(1=[2]SalmonProps!$C$2:$C$10001)*(2=[2]SalmonProps!$D$2:$D$10001)*("A1" = [2]SalmonProps!$B$2:$B$10001)*($AP18 = [2]SalmonProps!$F$2:$F$10001) *($AR18 = [2]SalmonProps!$G$2:$G$10001),0), 19))} -> NA | L18: {=IF(ISBLANK($AQ18), "", INDEX([2]SalmonProps!$A$2:$AA$10001,MATCH(1,($A18=[2]SalmonProps!$A$2:$A$10001)*(1=[2]SalmonProps!$C$2:$C$10001)*("1&2"=[2]SalmonProps!$D$2:$D$10001)*("A1" = [2]SalmonProps!$B$2:$B$10001)*($AP18 = [2]SalmonProps!$F$2:$F$10001) *($AR18 = [2]SalmonProps!$G$2:$G$10001),0), 19))} -> NA | M18: {=IF(ISBLANK($AQ18), "", INDEX([2]SalmonProps!$A$2:$AA$10001,MATCH(1,($A18=[2]SalmonProps!$A$2:$A$10001)*(2=[2]SalmonProps!$C$2:$C$10001)*(3=[2]SalmonProps!$D$2:$D$10001)*("A1" = [2]SalmonProps!$B$2:$B$10001)*($AP18 = [2]SalmonProps!$F$2:$F$10001) *($AR18 = [2]SalmonProps!$G$2:$G$10001),0), 19))} -> NA | N18: {=IF(ISBLANK($AQ18), "", INDEX([2]SalmonProps!$A$2:$AA$10001,MATCH(1,($A18=[2]SalmonProps!$A$2:$A$10001)*(3=[2]SalmonProps!$C$2:$C$10001)*(3=[2]SalmonProps!$D$2:$D$10001)*("A1" = [2]SalmonProps!$B$2:$B$10001)*($AP18 = [2]SalmonProps!$F$2:$F$10001) *($AR18 = [2]SalmonProps!$G$2:$G$10001),0), 19))} -> NA | O18: {=IF(ISBLANK($AQ18), "", INDEX([2]SalmonProps!$A$2:$AA$10001,MATCH(1,($A18=[2]SalmonProps!$A$2:$A$10001)*(1=[2]SalmonProps!$C$2:$C$10001)*(1=[2]SalmonProps!$D$2:$D$10001)*("A2" = [2]SalmonProps!$B$2:$B$10001)*($AP18 = [2]SalmonProps!$F$2:$F$10001) *($AR18 = [2]SalmonProps!$G$2:$G$10001),0), 19))} -> NA | P18: {=IF(ISBLANK($AQ18), "", INDEX([2]SalmonProps!$A$2:$AA$10001,MATCH(1,($A18=[2]SalmonProps!$A$2:$A$10001)*(2=[2]SalmonProps!$C$2:$C$10001)*(1=[2]SalmonProps!$D$2:$D$10001)*("A2" = [2]SalmonProps!$B$2:$B$10001)*($AP18 = [2]SalmonProps!$F$2:$F$10001) *($AR18 = [2]SalmonProps!$G$2:$G$10001),0), 19))} -> NA | Q18: {=IF(ISBLANK($AQ18), "", INDEX([2]SalmonProps!$A$2:$AA$10001,MATCH(1,($A18=[2]SalmonProps!$A$2:$A$10001)*(3=[2]SalmonProps!$C$2:$C$10001)*(1=[2]SalmonProps!$D$2:$D$10001)*("A2" = [2]SalmonProps!$B$2:$B$10001)*($AP18 = [2]SalmonProps!$F$2:$F$10001) *($AR18 = [2]SalmonProps!$G$2:$G$10001),0), 19))} -> NA | R18: {=IF(ISBLANK($AQ18), "", INDEX([2]SalmonProps!$A$2:$AA$10001,MATCH(1,($A18=[2]SalmonProps!$A$2:$A$10001)*(1=[2]SalmonProps!$C$2:$C$10001)*(1=[2]SalmonProps!$D$2:$D$10001)*("A1" = [2]SalmonProps!$B$2:$B$10001)*($AP18 = [2]SalmonProps!$F$2:$F$10001) *($AR18 = [2]SalmonProps!$G$2:$G$10001),0), 18))} -> NA | S18: {=IF(ISBLANK($AQ18), "", INDEX([2]SalmonProps!$A$2:$AA$10001,MATCH(1,($A18=[2]SalmonProps!$A$2:$A$10001)*(1=[2]SalmonProps!$C$2:$C$10001)*(2=[2]SalmonProps!$D$2:$D$10001)*("A1" = [2]SalmonProps!$B$2:$B$10001)*($AP18 = [2]SalmonProps!$F$2:$F$10001) *($AR18 = [2]SalmonProps!$G$2:$G$10001),0), 18))} -> NA | T18: {=IF(ISBLANK($AQ18), "", INDEX([2]SalmonProps!$A$2:$AA$10001,MATCH(1,($A18=[2]SalmonProps!$A$2:$A$10001)*(1=[2]SalmonProps!$C$2:$C$10001)*("1&2"=[2]SalmonProps!$D$2:$D$10001)*("A1" = [2]SalmonProps!$B$2:$B$10001)*($AP18 = [2]SalmonProps!$F$2:$F$10001) *($AR18 = [2]SalmonProps!$G$2:$G$10001),0), 18))} -> NA | U18: {=IF(ISBLANK($AQ18), "", INDEX([2]SalmonProps!$A$2:$AA$10001,MATCH(1,($A18=[2]SalmonProps!$A$2:$A$10001)*(2=[2]SalmonProps!$C$2:$C$10001)*(3=[2]SalmonProps!$D$2:$D$10001)*("A1" = [2]SalmonProps!$B$2:$B$10001)*($AP18 = [2]SalmonProps!$F$2:$F$10001) *($AR18 = [2]SalmonProps!$G$2:$G$10001),0), 18))} -> NA | V18: {=IF(ISBLANK($AQ18), "", INDEX([2]SalmonProps!$A$2:$AA$10001,MATCH(1,($A18=[2]SalmonProps!$A$2:$A$10001)*(3=[2]SalmonProps!$C$2:$C$10001)*(3=[2]SalmonProps!$D$2:$D$10001)*("A1" = [2]SalmonProps!$B$2:$B$10001)*($AP18 = [2]SalmonProps!$F$2:$F$10001) *($AR18 = [2]SalmonProps!$G$2:$G$10001),0), 18))} -> NA | W18: {=IF(ISBLANK($AQ18), "", INDEX([2]SalmonProps!$A$2:$AA$10001,MATCH(1,($A18=[2]SalmonProps!$A$2:$A$10001)*(1=[2]SalmonProps!$C$2:$C$10001)*(1=[2]SalmonProps!$D$2:$D$10001)*("A2" = [2]SalmonProps!$B$2:$B$10001)*($AP18 = [2]SalmonProps!$F$2:$F$10001) *($AR18 = [2]SalmonProps!$G$2:$G$10001),0), 18))} -> NA | X18: {=IF(ISBLANK($AQ18), "", INDEX([2]SalmonProps!$A$2:$AA$10001,MATCH(1,($A18=[2]SalmonProps!$A$2:$A$10001)*(2=[2]SalmonProps!$C$2:$C$10001)*(1=[2]SalmonProps!$D$2:$D$10001)*("A2" = [2]SalmonProps!$B$2:$B$10001)*($AP18 = [2]SalmonProps!$F$2:$F$10001) *($AR18 = [2]SalmonProps!$G$2:$G$10001),0), 18))} -> NA | Y18: {=IF(ISBLANK($AQ18), "", INDEX([2]SalmonProps!$A$2:$AA$10001,MATCH(1,($A18=[2]SalmonProps!$A$2:$A$10001)*(3=[2]SalmonProps!$C$2:$C$10001)*(1=[2]SalmonProps!$D$2:$D$10001)*("A2" = [2]SalmonProps!$B$2:$B$10001)*($AP18 = [2]SalmonProps!$F$2:$F$10001) *($AR18 = [2]SalmonProps!$G$2:$G$10001),0), 18))} -> NA | Z18: {=IF(ISBLANK($AQ18), "", INDEX([2]SalmonProps!$A$2:$AA$10001,MATCH(1,($A18=[2]SalmonProps!$A$2:$A$10001)*(1=[2]SalmonProps!$C$2:$C$10001)*(1=[2]SalmonProps!$D$2:$D$10001)*("A1" = [2]SalmonProps!$B$2:$B$10001)*($AP18 = [2]SalmonProps!$F$2:$F$10001) *($AR18 = [2]SalmonProps!$G$2:$G$10001),0), 15))} -> 0.0287 | AA18: {=IF(ISBLANK($AQ18), "", INDEX([2]SalmonProps!$A$2:$AA$10001,MATCH(1,($A18=[2]SalmonProps!$A$2:$A$10001)*(1=[2]SalmonProps!$C$2:$C$10001)*(2=[2]SalmonProps!$D$2:$D$10001)*("A1" = [2]SalmonProps!$B$2:$B$10001)*($AP18 = [2]SalmonProps!$F$2:$F$10001) *($AR18 = [2]SalmonProps!$G$2:$G$10001),0), 15))} -> 0.1004 | AB18: {=IF(ISBLANK($AQ18), "", INDEX([2]SalmonProps!$A$2:$AA$10001,MATCH(1,($A18=[2]SalmonProps!$A$2:$A$10001)*(1=[2]SalmonProps!$C$2:$C$10001)*("1&2"=[2]SalmonProps!$D$2:$D$10001)*("A1" = [2]SalmonProps!$B$2:$B$10001)*($AP18 = [2]SalmonProps!$F$2:$F$10001) *($AR18 = [2]SalmonProps!$G$2:$G$10001),0), 15))} -> 0.0751 | AC18: {=IF(ISBLANK($AQ18), "", INDEX([2]SalmonProps!$A$2:$AA$10001,MATCH(1,($A18=[2]SalmonProps!$A$2:$A$10001)*(2=[2]SalmonProps!$C$2:$C$10001)*(3=[2]SalmonProps!$D$2:$D$10001)*("A1" = [2]SalmonProps!$B$2:$B$10001)*($AP18 = [2]SalmonProps!$F$2:$F$10001) *($AR18 = [2]SalmonProps!$G$2:$G$10001),0), 15))} -> 0.2811 | AD18: {=IF(ISBLANK($AQ18), "", INDEX([2]SalmonProps!$A$2:$AA$10001,MATCH(1,($A18=[2]SalmonProps!$A$2:$A$10001)*(3=[2]SalmonProps!$C$2:$C$10001)*(3=[2]SalmonProps!$D$2:$D$10001)*("A1" = [2]SalmonProps!$B$2:$B$10001)*($AP18 = [2]SalmonProps!$F$2:$F$10001) *($AR18 = [2]SalmonProps!$G$2:$G$10001),0), 15))} -> 0.6443 | AE18: {=IF(ISBLANK($AQ18), "", INDEX([2]SalmonProps!$A$2:$AA$10001,MATCH(1,($A18=[2]SalmonProps!$A$2:$A$10001)*(1=[2]SalmonProps!$C$2:$C$10001)*(1=[2]SalmonProps!$D$2:$D$10001)*("A2" = [2]SalmonProps!$B$2:$B$10001)*($AP18 = [2]SalmonProps!$F$2:$F$10001) *($AR18 = [2]SalmonProps!$G$2:$G$10001),0), 15))} -> 0.0718 | AF18: {=IF(ISBLANK($AQ18), "", INDEX([2]SalmonProps!$A$2:$AA$10001,MATCH(1,($A18=[2]SalmonProps!$A$2:$A$10001)*(2=[2]SalmonProps!$C$2:$C$10001)*(1=[2]SalmonProps!$D$2:$D$10001)*("A2" = [2]SalmonProps!$B$2:$B$10001)*($AP18 = [2]SalmonProps!$F$2:$F$10001) *($AR18 = [2]SalmonProps!$G$2:$G$10001),0), 15))} -> 0.0471 | AG18: {=IF(ISBLANK($AQ18), "", INDEX([2]SalmonProps!$A$2:$AA$10001,MATCH(1,($A18=[2]SalmonProps!$A$2:$A$10001)*(3=[2]SalmonProps!$C$2:$C$10001)*(1=[2]SalmonProps!$D$2:$D$10001)*("A2" = [2]SalmonProps!$B$2:$B$10001)*($AP18 = [2]SalmonProps!$F$2:$F$10001) *($AR18 = [2]SalmonProps!$G$2:$G$10001),0), 15))} -> 0.1362 | AH18: {=IF(ISBLANK($AQ19), "", INDEX([2]SalmonProps!$A$2:$AA$10001,MATCH(1,($A18=[2]SalmonProps!$A$2:$A$10001)*($AP18 = [2]SalmonProps!$F$2:$F$10001) *($AR18 = [2]SalmonProps!$G$2:$G$10001),0), 24))} -> NA | AI18: {=IF(ISBLANK($AQ19), "", INDEX([2]SalmonProps!$A$2:$AA$10001,MATCH(1,($A18=[2]SalmonProps!$A$2:$A$10001)*($AP18 = [2]SalmonProps!$F$2:$F$10001) *($AR18 = [2]SalmonProps!$G$2:$G$10001),0), 25))} -> NA | AJ18: {=IF(ISBLANK($AQ18), "", INDEX([2]SalmonProps!$A$2:$AA$10001,MATCH(1,($A18=[2]SalmonProps!$A$2:$A$10001)*($AP18 = [2]SalmonProps!$F$2:$F$10001) *($AR18 = [2]SalmonProps!$G$2:$G$10001),0), 20))} -> 61.4 | AK18: {=IF(ISBLANK($AQ18), "", INDEX([2]SalmonProps!$A$2:$AA$10001,MATCH(1,($A18=[2]SalmonProps!$A$2:$A$10001)*($AP18 = [2]SalmonProps!$F$2:$F$10001) *($AR18 = [2]SalmonProps!$G$2:$G$10001),0), 21))} -> 5 | AL18: {=IF(ISBLANK($AQ18), "", INDEX([2]SalmonProps!$A$2:$AA$10001,MATCH(1,($A18=[2]SalmonProps!$A$2:$A$10001)*($AP18 = [2]SalmonProps!$F$2:$F$10001) *($AR18 = [2]SalmonProps!$G$2:$G$10001),0), 22))} -> 75.1 | AM18: {=IF(ISBLANK($AQ18), "", INDEX([2]SalmonProps!$A$2:$AA$10001,MATCH(1,($A18=[2]SalmonProps!$A$2:$A$10001)*($AP18 = [2]SalmonProps!$F$2:$F$10001) *($AR18 = [2]SalmonProps!$G$2:$G$10001),0), 23))} -> 7.6 | AN18: {=IF(ISBLANK($AQ18), "", INDEX([2]SalmonProps!$A$2:$AA$10001,MATCH(1,($A18=[2]SalmonProps!$A$2:$A$10001)*($AP18 = [2]SalmonProps!$F$2:$F$10001) *($AR18 = [2]SalmonProps!$G$2:$G$10001),0), 26))} -> NA | AO18: {=IF(ISBLANK($AQ18), "", INDEX([2]SalmonProps!$A$2:$AA$10001,MATCH(1,($A18=[2]SalmonProps!$A$2:$A$10001)*($AP18 = [2]SalmonProps!$F$2:$F$10001) *($AR18 = [2]SalmonProps!$G$2:$G$10001),0), 27))} -> NA | AP18: 3 | AQ18: ML - Unweighted | AR18: =INDEX($AT$2:$AU$5, MATCH(AQ18,$AT$2:$AT$5, 0), 2) -> Unweighted
A19: ='[1]Passage Estimates'!$A19 -> 45121 | B19: {=IF(ISBLANK($AQ19), "", INDEX([2]SalmonProps!$A$2:$AA$10001,MATCH(1,($A19=[2]SalmonProps!$A$2:$A$10001)*(1=[2]SalmonProps!$C$2:$C$10001)*(1=[2]SalmonProps!$D$2:$D$10001)*("A1" = [2]SalmonProps!$B$2:$B$10001)*($AP19 = [2]SalmonProps!$F$2:$F$10001) *($AR19 = [2]SalmonProps!$G$2:$G$10001),0), 17))} -> 0 | C19: {=IF(ISBLANK($AQ19), "", INDEX([2]SalmonProps!$A$2:$AA$10001,MATCH(1,($A19=[2]SalmonProps!$A$2:$A$10001)*(1=[2]SalmonProps!$C$2:$C$10001)*(2=[2]SalmonProps!$D$2:$D$10001)*("A1" = [2]SalmonProps!$B$2:$B$10001)*($AP19 = [2]SalmonProps!$F$2:$F$10001) *($AR19 = [2]SalmonProps!$G$2:$G$10001),0), 17))} -> 0 | D19: {=IF(ISBLANK($AQ19), "", INDEX([2]SalmonProps!$A$2:$AA$10001,MATCH(1,($A19=[2]SalmonProps!$A$2:$A$10001)*(1=[2]SalmonProps!$C$2:$C$10001)*("1&2"=[2]SalmonProps!$D$2:$D$10001)*("A1" = [2]SalmonProps!$B$2:$B$10001)*($AP19 = [2]SalmonProps!$F$2:$F$10001) *($AR19 = [2]SalmonProps!$G$2:$G$10001),0), 17))} -> 0 | E19: {=IF(ISBLANK($AQ19), "", INDEX([2]SalmonProps!$A$2:$AA$10001,MATCH(1,($A19=[2]SalmonProps!$A$2:$A$10001)*(2=[2]SalmonProps!$C$2:$C$10001)*(3=[2]SalmonProps!$D$2:$D$10001)*("A1" = [2]SalmonProps!$B$2:$B$10001)*($AP19 = [2]SalmonProps!$F$2:$F$10001) *($AR19 = [2]SalmonProps!$G$2:$G$10001),0), 17))} -> 0.1012 | F19: {=IF(ISBLANK($AQ19), "", INDEX([2]SalmonProps!$A$2:$AA$10001,MATCH(1,($A19=[2]SalmonProps!$A$2:$A$10001)*(3=[2]SalmonProps!$C$2:$C$10001)*(3=[2]SalmonProps!$D$2:$D$10001)*("A1" = [2]SalmonProps!$B$2:$B$10001)*($AP19 = [2]SalmonProps!$F$2:$F$10001) *($AR19 = [2]SalmonProps!$G$2:$G$10001),0), 17))} -> 0.2483 | G19: {=IF(ISBLANK($AQ19), "", INDEX([2]SalmonProps!$A$2:$AA$10001,MATCH(1,($A19=[2]SalmonProps!$A$2:$A$10001)*(1=[2]SalmonProps!$C$2:$C$10001)*(1=[2]SalmonProps!$D$2:$D$10001)*("A2" = [2]SalmonProps!$B$2:$B$10001)*($AP19 = [2]SalmonProps!$F$2:$F$10001) *($AR19 = [2]SalmonProps!$G$2:$G$10001),0), 17))} -> 0 | H19: {=IF(ISBLANK($AQ19), "", INDEX([2]SalmonProps!$A$2:$AA$10001,MATCH(1,($A19=[2]SalmonProps!$A$2:$A$10001)*(2=[2]SalmonProps!$C$2:$C$10001)*(1=[2]SalmonProps!$D$2:$D$10001)*("A2" = [2]SalmonProps!$B$2:$B$10001)*($AP19 = [2]SalmonProps!$F$2:$F$10001) *($AR19 = [2]SalmonProps!$G$2:$G$10001),0), 17))} -> 0.0305 | I19: {=IF(ISBLANK($AQ19), "", INDEX([2]SalmonProps!$A$2:$AA$10001,MATCH(1,($A19=[2]SalmonProps!$A$2:$A$10001)*(3=[2]SalmonProps!$C$2:$C$10001)*(1=[2]SalmonProps!$D$2:$D$10001)*("A2" = [2]SalmonProps!$B$2:$B$10001)*($AP19 = [2]SalmonProps!$F$2:$F$10001) *($AR19 = [2]SalmonProps!$G$2:$G$10001),0), 17))} -> 0.2078 | J19: {=IF(ISBLANK($AQ19), "", INDEX([2]SalmonProps!$A$2:$AA$10001,MATCH(1,($A19=[2]SalmonProps!$A$2:$A$10001)*(1=[2]SalmonProps!$C$2:$C$10001)*(1=[2]SalmonProps!$D$2:$D$10001)*("A1" = [2]SalmonProps!$B$2:$B$10001)*($AP19 = [2]SalmonProps!$F$2:$F$10001) *($AR19 = [2]SalmonProps!$G$2:$G$10001),0), 19))} -> NA | K19: {=IF(ISBLANK($AQ19), "", INDEX([2]SalmonProps!$A$2:$AA$10001,MATCH(1,($A19=[2]SalmonProps!$A$2:$A$10001)*(1=[2]SalmonProps!$C$2:$C$10001)*(2=[2]SalmonProps!$D$2:$D$10001)*("A1" = [2]SalmonProps!$B$2:$B$10001)*($AP19 = [2]SalmonProps!$F$2:$F$10001) *($AR19 = [2]SalmonProps!$G$2:$G$10001),0), 19))} -> NA | L19: {=IF(ISBLANK($AQ19), "", INDEX([2]SalmonProps!$A$2:$AA$10001,MATCH(1,($A19=[2]SalmonProps!$A$2:$A$10001)*(1=[2]SalmonProps!$C$2:$C$10001)*("1&2"=[2]SalmonProps!$D$2:$D$10001)*("A1" = [2]SalmonProps!$B$2:$B$10001)*($AP19 = [2]SalmonProps!$F$2:$F$10001) *($AR19 = [2]SalmonProps!$G$2:$G$10001),0), 19))} -> NA | M19: {=IF(ISBLANK($AQ19), "", INDEX([2]SalmonProps!$A$2:$AA$10001,MATCH(1,($A19=[2]SalmonProps!$A$2:$A$10001)*(2=[2]SalmonProps!$C$2:$C$10001)*(3=[2]SalmonProps!$D$2:$D$10001)*("A1" = [2]SalmonProps!$B$2:$B$10001)*($AP19 = [2]SalmonProps!$F$2:$F$10001) *($AR19 = [2]SalmonProps!$G$2:$G$10001),0), 19))} -> NA | N19: {=IF(ISBLANK($AQ19), "", INDEX([2]SalmonProps!$A$2:$AA$10001,MATCH(1,($A19=[2]SalmonProps!$A$2:$A$10001)*(3=[2]SalmonProps!$C$2:$C$10001)*(3=[2]SalmonProps!$D$2:$D$10001)*("A1" = [2]SalmonProps!$B$2:$B$10001)*($AP19 = [2]SalmonProps!$F$2:$F$10001) *($AR19 = [2]SalmonProps!$G$2:$G$10001),0), 19))} -> NA | O19: {=IF(ISBLANK($AQ19), "", INDEX([2]SalmonProps!$A$2:$AA$10001,MATCH(1,($A19=[2]SalmonProps!$A$2:$A$10001)*(1=[2]SalmonProps!$C$2:$C$10001)*(1=[2]SalmonProps!$D$2:$D$10001)*("A2" = [2]SalmonProps!$B$2:$B$10001)*($AP19 = [2]SalmonProps!$F$2:$F$10001) *($AR19 = [2]SalmonProps!$G$2:$G$10001),0), 19))} -> NA | P19: {=IF(ISBLANK($AQ19), "", INDEX([2]SalmonProps!$A$2:$AA$10001,MATCH(1,($A19=[2]SalmonProps!$A$2:$A$10001)*(2=[2]SalmonProps!$C$2:$C$10001)*(1=[2]SalmonProps!$D$2:$D$10001)*("A2" = [2]SalmonProps!$B$2:$B$10001)*($AP19 = [2]SalmonProps!$F$2:$F$10001) *($AR19 = [2]SalmonProps!$G$2:$G$10001),0), 19))} -> NA | Q19: {=IF(ISBLANK($AQ19), "", INDEX([2]SalmonProps!$A$2:$AA$10001,MATCH(1,($A19=[2]SalmonProps!$A$2:$A$10001)*(3=[2]SalmonProps!$C$2:$C$10001)*(1=[2]SalmonProps!$D$2:$D$10001)*("A2" = [2]SalmonProps!$B$2:$B$10001)*($AP19 = [2]SalmonProps!$F$2:$F$10001) *($AR19 = [2]SalmonProps!$G$2:$G$10001),0), 19))} -> NA | R19: {=IF(ISBLANK($AQ19), "", INDEX([2]SalmonProps!$A$2:$AA$10001,MATCH(1,($A19=[2]SalmonProps!$A$2:$A$10001)*(1=[2]SalmonProps!$C$2:$C$10001)*(1=[2]SalmonProps!$D$2:$D$10001)*("A1" = [2]SalmonProps!$B$2:$B$10001)*($AP19 = [2]SalmonProps!$F$2:$F$10001) *($AR19 = [2]SalmonProps!$G$2:$G$10001),0), 18))} -> NA | S19: {=IF(ISBLANK($AQ19), "", INDEX([2]SalmonProps!$A$2:$AA$10001,MATCH(1,($A19=[2]SalmonProps!$A$2:$A$10001)*(1=[2]SalmonProps!$C$2:$C$10001)*(2=[2]SalmonProps!$D$2:$D$10001)*("A1" = [2]SalmonProps!$B$2:$B$10001)*($AP19 = [2]SalmonProps!$F$2:$F$10001) *($AR19 = [2]SalmonProps!$G$2:$G$10001),0), 18))} -> NA | T19: {=IF(ISBLANK($AQ19), "", INDEX([2]SalmonProps!$A$2:$AA$10001,MATCH(1,($A19=[2]SalmonProps!$A$2:$A$10001)*(1=[2]SalmonProps!$C$2:$C$10001)*("1&2"=[2]SalmonProps!$D$2:$D$10001)*("A1" = [2]SalmonProps!$B$2:$B$10001)*($AP19 = [2]SalmonProps!$F$2:$F$10001) *($AR19 = [2]SalmonProps!$G$2:$G$10001),0), 18))} -> NA | U19: {=IF(ISBLANK($AQ19), "", INDEX([2]SalmonProps!$A$2:$AA$10001,MATCH(1,($A19=[2]SalmonProps!$A$2:$A$10001)*(2=[2]SalmonProps!$C$2:$C$10001)*(3=[2]SalmonProps!$D$2:$D$10001)*("A1" = [2]SalmonProps!$B$2:$B$10001)*($AP19 = [2]SalmonProps!$F$2:$F$10001) *($AR19 = [2]SalmonProps!$G$2:$G$10001),0), 18))} -> NA | V19: {=IF(ISBLANK($AQ19), "", INDEX([2]SalmonProps!$A$2:$AA$10001,MATCH(1,($A19=[2]SalmonProps!$A$2:$A$10001)*(3=[2]SalmonProps!$C$2:$C$10001)*(3=[2]SalmonProps!$D$2:$D$10001)*("A1" = [2]SalmonProps!$B$2:$B$10001)*($AP19 = [2]SalmonProps!$F$2:$F$10001) *($AR19 = [2]SalmonProps!$G$2:$G$10001),0), 18))} -> NA | W19: {=IF(ISBLANK($AQ19), "", INDEX([2]SalmonProps!$A$2:$AA$10001,MATCH(1,($A19=[2]SalmonProps!$A$2:$A$10001)*(1=[2]SalmonProps!$C$2:$C$10001)*(1=[2]SalmonProps!$D$2:$D$10001)*("A2" = [2]SalmonProps!$B$2:$B$10001)*($AP19 = [2]SalmonProps!$F$2:$F$10001) *($AR19 = [2]SalmonProps!$G$2:$G$10001),0), 18))} -> NA | X19: {=IF(ISBLANK($AQ19), "", INDEX([2]SalmonProps!$A$2:$AA$10001,MATCH(1,($A19=[2]SalmonProps!$A$2:$A$10001)*(2=[2]SalmonProps!$C$2:$C$10001)*(1=[2]SalmonProps!$D$2:$D$10001)*("A2" = [2]SalmonProps!$B$2:$B$10001)*($AP19 = [2]SalmonProps!$F$2:$F$10001) *($AR19 = [2]SalmonProps!$G$2:$G$10001),0), 18))} -> NA | Y19: {=IF(ISBLANK($AQ19), "", INDEX([2]SalmonProps!$A$2:$AA$10001,MATCH(1,($A19=[2]SalmonProps!$A$2:$A$10001)*(3=[2]SalmonProps!$C$2:$C$10001)*(1=[2]SalmonProps!$D$2:$D$10001)*("A2" = [2]SalmonProps!$B$2:$B$10001)*($AP19 = [2]SalmonProps!$F$2:$F$10001) *($AR19 = [2]SalmonProps!$G$2:$G$10001),0), 18))} -> NA | Z19: {=IF(ISBLANK($AQ19), "", INDEX([2]SalmonProps!$A$2:$AA$10001,MATCH(1,($A19=[2]SalmonProps!$A$2:$A$10001)*(1=[2]SalmonProps!$C$2:$C$10001)*(1=[2]SalmonProps!$D$2:$D$10001)*("A1" = [2]SalmonProps!$B$2:$B$10001)*($AP19 = [2]SalmonProps!$F$2:$F$10001) *($AR19 = [2]SalmonProps!$G$2:$G$10001),0), 15))} -> 0.0539 | AA19: {=IF(ISBLANK($AQ19), "", INDEX([2]SalmonProps!$A$2:$AA$10001,MATCH(1,($A19=[2]SalmonProps!$A$2:$A$10001)*(1=[2]SalmonProps!$C$2:$C$10001)*(2=[2]SalmonProps!$D$2:$D$10001)*("A1" = [2]SalmonProps!$B$2:$B$10001)*($AP19 = [2]SalmonProps!$F$2:$F$10001) *($AR19 = [2]SalmonProps!$G$2:$G$10001),0), 15))} -> 0.0527 | AB19: {=IF(ISBLANK($AQ19), "", INDEX([2]SalmonProps!$A$2:$AA$10001,MATCH(1,($A19=[2]SalmonProps!$A$2:$A$10001)*(1=[2]SalmonProps!$C$2:$C$10001)*("1&2"=[2]SalmonProps!$D$2:$D$10001)*("A1" = [2]SalmonProps!$B$2:$B$10001)*($AP19 = [2]SalmonProps!$F$2:$F$10001) *($AR19 = [2]SalmonProps!$G$2:$G$10001),0), 15))} -> 0.0532 | AC19: {=IF(ISBLANK($AQ19), "", INDEX([2]SalmonProps!$A$2:$AA$10001,MATCH(1,($A19=[2]SalmonProps!$A$2:$A$10001)*(2=[2]SalmonProps!$C$2:$C$10001)*(3=[2]SalmonProps!$D$2:$D$10001)*("A1" = [2]SalmonProps!$B$2:$B$10001)*($AP19 = [2]SalmonProps!$F$2:$F$10001) *($AR19 = [2]SalmonProps!$G$2:$G$10001),0), 15))} -> 0.3716 | AD19: {=IF(ISBLANK($AQ19), "", INDEX([2]SalmonProps!$A$2:$AA$10001,MATCH(1,($A19=[2]SalmonProps!$A$2:$A$10001)*(3=[2]SalmonProps!$C$2:$C$10001)*(3=[2]SalmonProps!$D$2:$D$10001)*("A1" = [2]SalmonProps!$B$2:$B$10001)*($AP19 = [2]SalmonProps!$F$2:$F$10001) *($AR19 = [2]SalmonProps!$G$2:$G$10001),0), 15))} -> 0.5426 | AE19: {=IF(ISBLANK($AQ19), "", INDEX([2]SalmonProps!$A$2:$AA$10001,MATCH(1,($A19=[2]SalmonProps!$A$2:$A$10001)*(1=[2]SalmonProps!$C$2:$C$10001)*(1=[2]SalmonProps!$D$2:$D$10001)*("A2" = [2]SalmonProps!$B$2:$B$10001)*($AP19 = [2]SalmonProps!$F$2:$F$10001) *($AR19 = [2]SalmonProps!$G$2:$G$10001),0), 15))} -> 0.017 | AF19: {=IF(ISBLANK($AQ19), "", INDEX([2]SalmonProps!$A$2:$AA$10001,MATCH(1,($A19=[2]SalmonProps!$A$2:$A$10001)*(2=[2]SalmonProps!$C$2:$C$10001)*(1=[2]SalmonProps!$D$2:$D$10001)*("A2" = [2]SalmonProps!$B$2:$B$10001)*($AP19 = [2]SalmonProps!$F$2:$F$10001) *($AR19 = [2]SalmonProps!$G$2:$G$10001),0), 15))} -> 0.0792 | AG19: {=IF(ISBLANK($AQ19), "", INDEX([2]SalmonProps!$A$2:$AA$10001,MATCH(1,($A19=[2]SalmonProps!$A$2:$A$10001)*(3=[2]SalmonProps!$C$2:$C$10001)*(1=[2]SalmonProps!$D$2:$D$10001)*("A2" = [2]SalmonProps!$B$2:$B$10001)*($AP19 = [2]SalmonProps!$F$2:$F$10001) *($AR19 = [2]SalmonProps!$G$2:$G$10001),0), 15))} -> 0.448 | AH19: {=IF(ISBLANK($AQ20), "", INDEX([2]SalmonProps!$A$2:$AA$10001,MATCH(1,($A19=[2]SalmonProps!$A$2:$A$10001)*($AP19 = [2]SalmonProps!$F$2:$F$10001) *($AR19 = [2]SalmonProps!$G$2:$G$10001),0), 24))} -> NA | AI19: {=IF(ISBLANK($AQ20), "", INDEX([2]SalmonProps!$A$2:$AA$10001,MATCH(1,($A19=[2]SalmonProps!$A$2:$A$10001)*($AP19 = [2]SalmonProps!$F$2:$F$10001) *($AR19 = [2]SalmonProps!$G$2:$G$10001),0), 25))} -> NA | AJ19: {=IF(ISBLANK($AQ19), "", INDEX([2]SalmonProps!$A$2:$AA$10001,MATCH(1,($A19=[2]SalmonProps!$A$2:$A$10001)*($AP19 = [2]SalmonProps!$F$2:$F$10001) *($AR19 = [2]SalmonProps!$G$2:$G$10001),0), 20))} -> 59.2 | AK19: {=IF(ISBLANK($AQ19), "", INDEX([2]SalmonProps!$A$2:$AA$10001,MATCH(1,($A19=[2]SalmonProps!$A$2:$A$10001)*($AP19 = [2]SalmonProps!$F$2:$F$10001) *($AR19 = [2]SalmonProps!$G$2:$G$10001),0), 21))} -> 4.8 | AL19: {=IF(ISBLANK($AQ19), "", INDEX([2]SalmonProps!$A$2:$AA$10001,MATCH(1,($A19=[2]SalmonProps!$A$2:$A$10001)*($AP19 = [2]SalmonProps!$F$2:$F$10001) *($AR19 = [2]SalmonProps!$G$2:$G$10001),0), 22))} -> 75.1 | AM19: {=IF(ISBLANK($AQ19), "", INDEX([2]SalmonProps!$A$2:$AA$10001,MATCH(1,($A19=[2]SalmonProps!$A$2:$A$10001)*($AP19 = [2]SalmonProps!$F$2:$F$10001) *($AR19 = [2]SalmonProps!$G$2:$G$10001),0), 23))} -> 7.6 | AN19: {=IF(ISBLANK($AQ19), "", INDEX([2]SalmonProps!$A$2:$AA$10001,MATCH(1,($A19=[2]SalmonProps!$A$2:$A$10001)*($AP19 = [2]SalmonProps!$F$2:$F$10001) *($AR19 = [2]SalmonProps!$G$2:$G$10001),0), 26))} -> NA | AO19: {=IF(ISBLANK($AQ19), "", INDEX([2]SalmonProps!$A$2:$AA$10001,MATCH(1,($A19=[2]SalmonProps!$A$2:$A$10001)*($AP19 = [2]SalmonProps!$F$2:$F$10001) *($AR19 = [2]SalmonProps!$G$2:$G$10001),0), 27))} -> NA | AP19: 3 | AQ19: ML - Unweighted | AR19: =INDEX($AT$2:$AU$5, MATCH(AQ19,$AT$2:$AT$5, 0), 2) -> Unweighted
A20: ='[1]Passage Estimates'!$A20 -> 45122 | B20: {=IF(ISBLANK($AQ20), "", INDEX([2]SalmonProps!$A$2:$AA$10001,MATCH(1,($A20=[2]SalmonProps!$A$2:$A$10001)*(1=[2]SalmonProps!$C$2:$C$10001)*(1=[2]SalmonProps!$D$2:$D$10001)*("A1" = [2]SalmonProps!$B$2:$B$10001)*($AP20 = [2]SalmonProps!$F$2:$F$10001) *($AR20 = [2]SalmonProps!$G$2:$G$10001),0), 17))} -> 0.031 | C20: {=IF(ISBLANK($AQ20), "", INDEX([2]SalmonProps!$A$2:$AA$10001,MATCH(1,($A20=[2]SalmonProps!$A$2:$A$10001)*(1=[2]SalmonProps!$C$2:$C$10001)*(2=[2]SalmonProps!$D$2:$D$10001)*("A1" = [2]SalmonProps!$B$2:$B$10001)*($AP20 = [2]SalmonProps!$F$2:$F$10001) *($AR20 = [2]SalmonProps!$G$2:$G$10001),0), 17))} -> 0.0063 | D20: {=IF(ISBLANK($AQ20), "", INDEX([2]SalmonProps!$A$2:$AA$10001,MATCH(1,($A20=[2]SalmonProps!$A$2:$A$10001)*(1=[2]SalmonProps!$C$2:$C$10001)*("1&2"=[2]SalmonProps!$D$2:$D$10001)*("A1" = [2]SalmonProps!$B$2:$B$10001)*($AP20 = [2]SalmonProps!$F$2:$F$10001) *($AR20 = [2]SalmonProps!$G$2:$G$10001),0), 17))} -> 0.0152 | E20: {=IF(ISBLANK($AQ20), "", INDEX([2]SalmonProps!$A$2:$AA$10001,MATCH(1,($A20=[2]SalmonProps!$A$2:$A$10001)*(2=[2]SalmonProps!$C$2:$C$10001)*(3=[2]SalmonProps!$D$2:$D$10001)*("A1" = [2]SalmonProps!$B$2:$B$10001)*($AP20 = [2]SalmonProps!$F$2:$F$10001) *($AR20 = [2]SalmonProps!$G$2:$G$10001),0), 17))} -> 0.1875 | F20: {=IF(ISBLANK($AQ20), "", INDEX([2]SalmonProps!$A$2:$AA$10001,MATCH(1,($A20=[2]SalmonProps!$A$2:$A$10001)*(3=[2]SalmonProps!$C$2:$C$10001)*(3=[2]SalmonProps!$D$2:$D$10001)*("A1" = [2]SalmonProps!$B$2:$B$10001)*($AP20 = [2]SalmonProps!$F$2:$F$10001) *($AR20 = [2]SalmonProps!$G$2:$G$10001),0), 17))} -> 0.4557 | G20: {=IF(ISBLANK($AQ20), "", INDEX([2]SalmonProps!$A$2:$AA$10001,MATCH(1,($A20=[2]SalmonProps!$A$2:$A$10001)*(1=[2]SalmonProps!$C$2:$C$10001)*(1=[2]SalmonProps!$D$2:$D$10001)*("A2" = [2]SalmonProps!$B$2:$B$10001)*($AP20 = [2]SalmonProps!$F$2:$F$10001) *($AR20 = [2]SalmonProps!$G$2:$G$10001),0), 17))} -> 0 | H20: {=IF(ISBLANK($AQ20), "", INDEX([2]SalmonProps!$A$2:$AA$10001,MATCH(1,($A20=[2]SalmonProps!$A$2:$A$10001)*(2=[2]SalmonProps!$C$2:$C$10001)*(1=[2]SalmonProps!$D$2:$D$10001)*("A2" = [2]SalmonProps!$B$2:$B$10001)*($AP20 = [2]SalmonProps!$F$2:$F$10001) *($AR20 = [2]SalmonProps!$G$2:$G$10001),0), 17))} -> 0.0305 | I20: {=IF(ISBLANK($AQ20), "", INDEX([2]SalmonProps!$A$2:$AA$10001,MATCH(1,($A20=[2]SalmonProps!$A$2:$A$10001)*(3=[2]SalmonProps!$C$2:$C$10001)*(1=[2]SalmonProps!$D$2:$D$10001)*("A2" = [2]SalmonProps!$B$2:$B$10001)*($AP20 = [2]SalmonProps!$F$2:$F$10001) *($AR20 = [2]SalmonProps!$G$2:$G$10001),0), 17))} -> 0.2078 | J20: {=IF(ISBLANK($AQ20), "", INDEX([2]SalmonProps!$A$2:$AA$10001,MATCH(1,($A20=[2]SalmonProps!$A$2:$A$10001)*(1=[2]SalmonProps!$C$2:$C$10001)*(1=[2]SalmonProps!$D$2:$D$10001)*("A1" = [2]SalmonProps!$B$2:$B$10001)*($AP20 = [2]SalmonProps!$F$2:$F$10001) *($AR20 = [2]SalmonProps!$G$2:$G$10001),0), 19))} -> NA | K20: {=IF(ISBLANK($AQ20), "", INDEX([2]SalmonProps!$A$2:$AA$10001,MATCH(1,($A20=[2]SalmonProps!$A$2:$A$10001)*(1=[2]SalmonProps!$C$2:$C$10001)*(2=[2]SalmonProps!$D$2:$D$10001)*("A1" = [2]SalmonProps!$B$2:$B$10001)*($AP20 = [2]SalmonProps!$F$2:$F$10001) *($AR20 = [2]SalmonProps!$G$2:$G$10001),0), 19))} -> NA | L20: {=IF(ISBLANK($AQ20), "", INDEX([2]SalmonProps!$A$2:$AA$10001,MATCH(1,($A20=[2]SalmonProps!$A$2:$A$10001)*(1=[2]SalmonProps!$C$2:$C$10001)*("1&2"=[2]SalmonProps!$D$2:$D$10001)*("A1" = [2]SalmonProps!$B$2:$B$10001)*($AP20 = [2]SalmonProps!$F$2:$F$10001) *($AR20 = [2]SalmonProps!$G$2:$G$10001),0), 19))} -> NA | M20: {=IF(ISBLANK($AQ20), "", INDEX([2]SalmonProps!$A$2:$AA$10001,MATCH(1,($A20=[2]SalmonProps!$A$2:$A$10001)*(2=[2]SalmonProps!$C$2:$C$10001)*(3=[2]SalmonProps!$D$2:$D$10001)*("A1" = [2]SalmonProps!$B$2:$B$10001)*($AP20 = [2]SalmonProps!$F$2:$F$10001) *($AR20 = [2]SalmonProps!$G$2:$G$10001),0), 19))} -> NA | N20: {=IF(ISBLANK($AQ20), "", INDEX([2]SalmonProps!$A$2:$AA$10001,MATCH(1,($A20=[2]SalmonProps!$A$2:$A$10001)*(3=[2]SalmonProps!$C$2:$C$10001)*(3=[2]SalmonProps!$D$2:$D$10001)*("A1" = [2]SalmonProps!$B$2:$B$10001)*($AP20 = [2]SalmonProps!$F$2:$F$10001) *($AR20 = [2]SalmonProps!$G$2:$G$10001),0), 19))} -> NA | O20: {=IF(ISBLANK($AQ20), "", INDEX([2]SalmonProps!$A$2:$AA$10001,MATCH(1,($A20=[2]SalmonProps!$A$2:$A$10001)*(1=[2]SalmonProps!$C$2:$C$10001)*(1=[2]SalmonProps!$D$2:$D$10001)*("A2" = [2]SalmonProps!$B$2:$B$10001)*($AP20 = [2]SalmonProps!$F$2:$F$10001) *($AR20 = [2]SalmonProps!$G$2:$G$10001),0), 19))} -> NA | P20: {=IF(ISBLANK($AQ20), "", INDEX([2]SalmonProps!$A$2:$AA$10001,MATCH(1,($A20=[2]SalmonProps!$A$2:$A$10001)*(2=[2]SalmonProps!$C$2:$C$10001)*(1=[2]SalmonProps!$D$2:$D$10001)*("A2" = [2]SalmonProps!$B$2:$B$10001)*($AP20 = [2]SalmonProps!$F$2:$F$10001) *($AR20 = [2]SalmonProps!$G$2:$G$10001),0), 19))} -> NA | Q20: {=IF(ISBLANK($AQ20), "", INDEX([2]SalmonProps!$A$2:$AA$10001,MATCH(1,($A20=[2]SalmonProps!$A$2:$A$10001)*(3=[2]SalmonProps!$C$2:$C$10001)*(1=[2]SalmonProps!$D$2:$D$10001)*("A2" = [2]SalmonProps!$B$2:$B$10001)*($AP20 = [2]SalmonProps!$F$2:$F$10001) *($AR20 = [2]SalmonProps!$G$2:$G$10001),0), 19))} -> NA | R20: {=IF(ISBLANK($AQ20), "", INDEX([2]SalmonProps!$A$2:$AA$10001,MATCH(1,($A20=[2]SalmonProps!$A$2:$A$10001)*(1=[2]SalmonProps!$C$2:$C$10001)*(1=[2]SalmonProps!$D$2:$D$10001)*("A1" = [2]SalmonProps!$B$2:$B$10001)*($AP20 = [2]SalmonProps!$F$2:$F$10001) *($AR20 = [2]SalmonProps!$G$2:$G$10001),0), 18))} -> NA | S20: {=IF(ISBLANK($AQ20), "", INDEX([2]SalmonProps!$A$2:$AA$10001,MATCH(1,($A20=[2]SalmonProps!$A$2:$A$10001)*(1=[2]SalmonProps!$C$2:$C$10001)*(2=[2]SalmonProps!$D$2:$D$10001)*("A1" = [2]SalmonProps!$B$2:$B$10001)*($AP20 = [2]SalmonProps!$F$2:$F$10001) *($AR20 = [2]SalmonProps!$G$2:$G$10001),0), 18))} -> NA | T20: {=IF(ISBLANK($AQ20), "", INDEX([2]SalmonProps!$A$2:$AA$10001,MATCH(1,($A20=[2]SalmonProps!$A$2:$A$10001)*(1=[2]SalmonProps!$C$2:$C$10001)*("1&2"=[2]SalmonProps!$D$2:$D$10001)*("A1" = [2]SalmonProps!$B$2:$B$10001)*($AP20 = [2]SalmonProps!$F$2:$F$10001) *($AR20 = [2]SalmonProps!$G$2:$G$10001),0), 18))} -> NA | U20: {=IF(ISBLANK($AQ20), "", INDEX([2]SalmonProps!$A$2:$AA$10001,MATCH(1,($A20=[2]SalmonProps!$A$2:$A$10001)*(2=[2]SalmonProps!$C$2:$C$10001)*(3=[2]SalmonProps!$D$2:$D$10001)*("A1" = [2]SalmonProps!$B$2:$B$10001)*($AP20 = [2]SalmonProps!$F$2:$F$10001) *($AR20 = [2]SalmonProps!$G$2:$G$10001),0), 18))} -> NA | V20: {=IF(ISBLANK($AQ20), "", INDEX([2]SalmonProps!$A$2:$AA$10001,MATCH(1,($A20=[2]SalmonProps!$A$2:$A$10001)*(3=[2]SalmonProps!$C$2:$C$10001)*(3=[2]SalmonProps!$D$2:$D$10001)*("A1" = [2]SalmonProps!$B$2:$B$10001)*($AP20 = [2]SalmonProps!$F$2:$F$10001) *($AR20 = [2]SalmonProps!$G$2:$G$10001),0), 18))} -> NA | W20: {=IF(ISBLANK($AQ20), "", INDEX([2]SalmonProps!$A$2:$AA$10001,MATCH(1,($A20=[2]SalmonProps!$A$2:$A$10001)*(1=[2]SalmonProps!$C$2:$C$10001)*(1=[2]SalmonProps!$D$2:$D$10001)*("A2" = [2]SalmonProps!$B$2:$B$10001)*($AP20 = [2]SalmonProps!$F$2:$F$10001) *($AR20 = [2]SalmonProps!$G$2:$G$10001),0), 18))} -> NA | X20: {=IF(ISBLANK($AQ20), "", INDEX([2]SalmonProps!$A$2:$AA$10001,MATCH(1,($A20=[2]SalmonProps!$A$2:$A$10001)*(2=[2]SalmonProps!$C$2:$C$10001)*(1=[2]SalmonProps!$D$2:$D$10001)*("A2" = [2]SalmonProps!$B$2:$B$10001)*($AP20 = [2]SalmonProps!$F$2:$F$10001) *($AR20 = [2]SalmonProps!$G$2:$G$10001),0), 18))} -> NA | Y20: {=IF(ISBLANK($AQ20), "", INDEX([2]SalmonProps!$A$2:$AA$10001,MATCH(1,($A20=[2]SalmonProps!$A$2:$A$10001)*(3=[2]SalmonProps!$C$2:$C$10001)*(1=[2]SalmonProps!$D$2:$D$10001)*("A2" = [2]SalmonProps!$B$2:$B$10001)*($AP20 = [2]SalmonProps!$F$2:$F$10001) *($AR20 = [2]SalmonProps!$G$2:$G$10001),0), 18))} -> NA | Z20: {=IF(ISBLANK($AQ20), "", INDEX([2]SalmonProps!$A$2:$AA$10001,MATCH(1,($A20=[2]SalmonProps!$A$2:$A$10001)*(1=[2]SalmonProps!$C$2:$C$10001)*(1=[2]SalmonProps!$D$2:$D$10001)*("A1" = [2]SalmonProps!$B$2:$B$10001)*($AP20 = [2]SalmonProps!$F$2:$F$10001) *($AR20 = [2]SalmonProps!$G$2:$G$10001),0), 15))} -> 0.0329 | AA20: {=IF(ISBLANK($AQ20), "", INDEX([2]SalmonProps!$A$2:$AA$10001,MATCH(1,($A20=[2]SalmonProps!$A$2:$A$10001)*(1=[2]SalmonProps!$C$2:$C$10001)*(2=[2]SalmonProps!$D$2:$D$10001)*("A1" = [2]SalmonProps!$B$2:$B$10001)*($AP20 = [2]SalmonProps!$F$2:$F$10001) *($AR20 = [2]SalmonProps!$G$2:$G$10001),0), 15))} -> 0.0612 | AB20: {=IF(ISBLANK($AQ20), "", INDEX([2]SalmonProps!$A$2:$AA$10001,MATCH(1,($A20=[2]SalmonProps!$A$2:$A$10001)*(1=[2]SalmonProps!$C$2:$C$10001)*("1&2"=[2]SalmonProps!$D$2:$D$10001)*("A1" = [2]SalmonProps!$B$2:$B$10001)*($AP20 = [2]SalmonProps!$F$2:$F$10001) *($AR20 = [2]SalmonProps!$G$2:$G$10001),0), 15))} -> 0.0519 | AC20: {=IF(ISBLANK($AQ20), "", INDEX([2]SalmonProps!$A$2:$AA$10001,MATCH(1,($A20=[2]SalmonProps!$A$2:$A$10001)*(2=[2]SalmonProps!$C$2:$C$10001)*(3=[2]SalmonProps!$D$2:$D$10001)*("A1" = [2]SalmonProps!$B$2:$B$10001)*($AP20 = [2]SalmonProps!$F$2:$F$10001) *($AR20 = [2]SalmonProps!$G$2:$G$10001),0), 15))} -> 0.2851 | AD20: {=IF(ISBLANK($AQ20), "", INDEX([2]SalmonProps!$A$2:$AA$10001,MATCH(1,($A20=[2]SalmonProps!$A$2:$A$10001)*(3=[2]SalmonProps!$C$2:$C$10001)*(3=[2]SalmonProps!$D$2:$D$10001)*("A1" = [2]SalmonProps!$B$2:$B$10001)*($AP20 = [2]SalmonProps!$F$2:$F$10001) *($AR20 = [2]SalmonProps!$G$2:$G$10001),0), 15))} -> 0.9714 | AE20: {=IF(ISBLANK($AQ20), "", INDEX([2]SalmonProps!$A$2:$AA$10001,MATCH(1,($A20=[2]SalmonProps!$A$2:$A$10001)*(1=[2]SalmonProps!$C$2:$C$10001)*(1=[2]SalmonProps!$D$2:$D$10001)*("A2" = [2]SalmonProps!$B$2:$B$10001)*($AP20 = [2]SalmonProps!$F$2:$F$10001) *($AR20 = [2]SalmonProps!$G$2:$G$10001),0), 15))} -> 0.017 | AF20: {=IF(ISBLANK($AQ20), "", INDEX([2]SalmonProps!$A$2:$AA$10001,MATCH(1,($A20=[2]SalmonProps!$A$2:$A$10001)*(2=[2]SalmonProps!$C$2:$C$10001)*(1=[2]SalmonProps!$D$2:$D$10001)*("A2" = [2]SalmonProps!$B$2:$B$10001)*($AP20 = [2]SalmonProps!$F$2:$F$10001) *($AR20 = [2]SalmonProps!$G$2:$G$10001),0), 15))} -> 0.0792 | AG20: {=IF(ISBLANK($AQ20), "", INDEX([2]SalmonProps!$A$2:$AA$10001,MATCH(1,($A20=[2]SalmonProps!$A$2:$A$10001)*(3=[2]SalmonProps!$C$2:$C$10001)*(1=[2]SalmonProps!$D$2:$D$10001)*("A2" = [2]SalmonProps!$B$2:$B$10001)*($AP20 = [2]SalmonProps!$F$2:$F$10001) *($AR20 = [2]SalmonProps!$G$2:$G$10001),0), 15))} -> 0.448 | AH20: {=IF(ISBLANK($AQ20), "", INDEX([2]SalmonProps!$A$2:$AA$10001,MATCH(1,($A20=[2]SalmonProps!$A$2:$A$10001)*($AP20 = [2]SalmonProps!$F$2:$F$10001) *($AR20 = [2]SalmonProps!$G$2:$G$10001),0), 24))} -> NA | AI20: {=IF(ISBLANK($AQ20), "", INDEX([2]SalmonProps!$A$2:$AA$10001,MATCH(1,($A20=[2]SalmonProps!$A$2:$A$10001)*($AP20 = [2]SalmonProps!$F$2:$F$10001) *($AR20 = [2]SalmonProps!$G$2:$G$10001),0), 25))} -> NA | AJ20: {=IF(ISBLANK($AQ20), "", INDEX([2]SalmonProps!$A$2:$AA$10001,MATCH(1,($A20=[2]SalmonProps!$A$2:$A$10001)*($AP20 = [2]SalmonProps!$F$2:$F$10001) *($AR20 = [2]SalmonProps!$G$2:$G$10001),0), 20))} -> 59.2 | AK20: {=IF(ISBLANK($AQ20), "", INDEX([2]SalmonProps!$A$2:$AA$10001,MATCH(1,($A20=[2]SalmonProps!$A$2:$A$10001)*($AP20 = [2]SalmonProps!$F$2:$F$10001) *($AR20 = [2]SalmonProps!$G$2:$G$10001),0), 21))} -> 4.8 | AL20: {=IF(ISBLANK($AQ20), "", INDEX([2]SalmonProps!$A$2:$AA$10001,MATCH(1,($A20=[2]SalmonProps!$A$2:$A$10001)*($AP20 = [2]SalmonProps!$F$2:$F$10001) *($AR20 = [2]SalmonProps!$G$2:$G$10001),0), 22))} -> 72.8 | AM20: {=IF(ISBLANK($AQ20), "", INDEX([2]SalmonProps!$A$2:$AA$10001,MATCH(1,($A20=[2]SalmonProps!$A$2:$A$10001)*($AP20 = [2]SalmonProps!$F$2:$F$10001) *($AR20 = [2]SalmonProps!$G$2:$G$10001),0), 23))} -> 7.4 | AN20: {=IF(ISBLANK($AQ20), "", INDEX([2]SalmonProps!$A$2:$AA$10001,MATCH(1,($A20=[2]SalmonProps!$A$2:$A$10001)*($AP20 = [2]SalmonProps!$F$2:$F$10001) *($AR20 = [2]SalmonProps!$G$2:$G$10001),0), 26))} -> NA | AO20: {=IF(ISBLANK($AQ20), "", INDEX([2]SalmonProps!$A$2:$AA$10001,MATCH(1,($A20=[2]SalmonProps!$A$2:$A$10001)*($AP20 = [2]SalmonProps!$F$2:$F$10001) *($AR20 = [2]SalmonProps!$G$2:$G$10001),0), 27))} -> NA | AP20: 3 | AQ20: ML - Unweighted | AR20: =INDEX($AT$2:$AU$5, MATCH(AQ20,$AT$2:$AT$5, 0), 2) -> Unweighted
A21: ='[1]Passage Estimates'!$A21 -> 45123 | B21: {=IF(ISBLANK($AQ21), "", INDEX([2]SalmonProps!$A$2:$AA$10001,MATCH(1,($A21=[2]SalmonProps!$A$2:$A$10001)*(1=[2]SalmonProps!$C$2:$C$10001)*(1=[2]SalmonProps!$D$2:$D$10001)*("A1" = [2]SalmonProps!$B$2:$B$10001)*($AP21 = [2]SalmonProps!$F$2:$F$10001) *($AR21 = [2]SalmonProps!$G$2:$G$10001),0), 17))} -> 0.0078 | C21: {=IF(ISBLANK($AQ21), "", INDEX([2]SalmonProps!$A$2:$AA$10001,MATCH(1,($A21=[2]SalmonProps!$A$2:$A$10001)*(1=[2]SalmonProps!$C$2:$C$10001)*(2=[2]SalmonProps!$D$2:$D$10001)*("A1" = [2]SalmonProps!$B$2:$B$10001)*($AP21 = [2]SalmonProps!$F$2:$F$10001) *($AR21 = [2]SalmonProps!$G$2:$G$10001),0), 17))} -> 0 | D21: {=IF(ISBLANK($AQ21), "", INDEX([2]SalmonProps!$A$2:$AA$10001,MATCH(1,($A21=[2]SalmonProps!$A$2:$A$10001)*(1=[2]SalmonProps!$C$2:$C$10001)*("1&2"=[2]SalmonProps!$D$2:$D$10001)*("A1" = [2]SalmonProps!$B$2:$B$10001)*($AP21 = [2]SalmonProps!$F$2:$F$10001) *($AR21 = [2]SalmonProps!$G$2:$G$10001),0), 17))} -> 0.0028 | E21: {=IF(ISBLANK($AQ21), "", INDEX([2]SalmonProps!$A$2:$AA$10001,MATCH(1,($A21=[2]SalmonProps!$A$2:$A$10001)*(2=[2]SalmonProps!$C$2:$C$10001)*(3=[2]SalmonProps!$D$2:$D$10001)*("A1" = [2]SalmonProps!$B$2:$B$10001)*($AP21 = [2]SalmonProps!$F$2:$F$10001) *($AR21 = [2]SalmonProps!$G$2:$G$10001),0), 17))} -> 0.0918 | F21: {=IF(ISBLANK($AQ21), "", INDEX([2]SalmonProps!$A$2:$AA$10001,MATCH(1,($A21=[2]SalmonProps!$A$2:$A$10001)*(3=[2]SalmonProps!$C$2:$C$10001)*(3=[2]SalmonProps!$D$2:$D$10001)*("A1" = [2]SalmonProps!$B$2:$B$10001)*($AP21 = [2]SalmonProps!$F$2:$F$10001) *($AR21 = [2]SalmonProps!$G$2:$G$10001),0), 17))} -> 0.3299 | G21: {=IF(ISBLANK($AQ21), "", INDEX([2]SalmonProps!$A$2:$AA$10001,MATCH(1,($A21=[2]SalmonProps!$A$2:$A$10001)*(1=[2]SalmonProps!$C$2:$C$10001)*(1=[2]SalmonProps!$D$2:$D$10001)*("A2" = [2]SalmonProps!$B$2:$B$10001)*($AP21 = [2]SalmonProps!$F$2:$F$10001) *($AR21 = [2]SalmonProps!$G$2:$G$10001),0), 17))} -> 0 | H21: {=IF(ISBLANK($AQ21), "", INDEX([2]SalmonProps!$A$2:$AA$10001,MATCH(1,($A21=[2]SalmonProps!$A$2:$A$10001)*(2=[2]SalmonProps!$C$2:$C$10001)*(1=[2]SalmonProps!$D$2:$D$10001)*("A2" = [2]SalmonProps!$B$2:$B$10001)*($AP21 = [2]SalmonProps!$F$2:$F$10001) *($AR21 = [2]SalmonProps!$G$2:$G$10001),0), 17))} -> 0.019 | I21: {=IF(ISBLANK($AQ21), "", INDEX([2]SalmonProps!$A$2:$AA$10001,MATCH(1,($A21=[2]SalmonProps!$A$2:$A$10001)*(3=[2]SalmonProps!$C$2:$C$10001)*(1=[2]SalmonProps!$D$2:$D$10001)*("A2" = [2]SalmonProps!$B$2:$B$10001)*($AP21 = [2]SalmonProps!$F$2:$F$10001) *($AR21 = [2]SalmonProps!$G$2:$G$10001),0), 17))} -> 0.0714 | J21: {=IF(ISBLANK($AQ21), "", INDEX([2]SalmonProps!$A$2:$AA$10001,MATCH(1,($A21=[2]SalmonProps!$A$2:$A$10001)*(1=[2]SalmonProps!$C$2:$C$10001)*(1=[2]SalmonProps!$D$2:$D$10001)*("A1" = [2]SalmonProps!$B$2:$B$10001)*($AP21 = [2]SalmonProps!$F$2:$F$10001) *($AR21 = [2]SalmonProps!$G$2:$G$10001),0), 19))} -> NA | K21: {=IF(ISBLANK($AQ21), "", INDEX([2]SalmonProps!$A$2:$AA$10001,MATCH(1,($A21=[2]SalmonProps!$A$2:$A$10001)*(1=[2]SalmonProps!$C$2:$C$10001)*(2=[2]SalmonProps!$D$2:$D$10001)*("A1" = [2]SalmonProps!$B$2:$B$10001)*($AP21 = [2]SalmonProps!$F$2:$F$10001) *($AR21 = [2]SalmonProps!$G$2:$G$10001),0), 19))} -> NA | L21: {=IF(ISBLANK($AQ21), "", INDEX([2]SalmonProps!$A$2:$AA$10001,MATCH(1,($A21=[2]SalmonProps!$A$2:$A$10001)*(1=[2]SalmonProps!$C$2:$C$10001)*("1&2"=[2]SalmonProps!$D$2:$D$10001)*("A1" = [2]SalmonProps!$B$2:$B$10001)*($AP21 = [2]SalmonProps!$F$2:$F$10001) *($AR21 = [2]SalmonProps!$G$2:$G$10001),0), 19))} -> NA | M21: {=IF(ISBLANK($AQ21), "", INDEX([2]SalmonProps!$A$2:$AA$10001,MATCH(1,($A21=[2]SalmonProps!$A$2:$A$10001)*(2=[2]SalmonProps!$C$2:$C$10001)*(3=[2]SalmonProps!$D$2:$D$10001)*("A1" = [2]SalmonProps!$B$2:$B$10001)*($AP21 = [2]SalmonProps!$F$2:$F$10001) *($AR21 = [2]SalmonProps!$G$2:$G$10001),0), 19))} -> NA | N21: {=IF(ISBLANK($AQ21), "", INDEX([2]SalmonProps!$A$2:$AA$10001,MATCH(1,($A21=[2]SalmonProps!$A$2:$A$10001)*(3=[2]SalmonProps!$C$2:$C$10001)*(3=[2]SalmonProps!$D$2:$D$10001)*("A1" = [2]SalmonProps!$B$2:$B$10001)*($AP21 = [2]SalmonProps!$F$2:$F$10001) *($AR21 = [2]SalmonProps!$G$2:$G$10001),0), 19))} -> NA | O21: {=IF(ISBLANK($AQ21), "", INDEX([2]SalmonProps!$A$2:$AA$10001,MATCH(1,($A21=[2]SalmonProps!$A$2:$A$10001)*(1=[2]SalmonProps!$C$2:$C$10001)*(1=[2]SalmonProps!$D$2:$D$10001)*("A2" = [2]SalmonProps!$B$2:$B$10001)*($AP21 = [2]SalmonProps!$F$2:$F$10001) *($AR21 = [2]SalmonProps!$G$2:$G$10001),0), 19))} -> NA | P21: {=IF(ISBLANK($AQ21), "", INDEX([2]SalmonProps!$A$2:$AA$10001,MATCH(1,($A21=[2]SalmonProps!$A$2:$A$10001)*(2=[2]SalmonProps!$C$2:$C$10001)*(1=[2]SalmonProps!$D$2:$D$10001)*("A2" = [2]SalmonProps!$B$2:$B$10001)*($AP21 = [2]SalmonProps!$F$2:$F$10001) *($AR21 = [2]SalmonProps!$G$2:$G$10001),0), 19))} -> NA | Q21: {=IF(ISBLANK($AQ21), "", INDEX([2]SalmonProps!$A$2:$AA$10001,MATCH(1,($A21=[2]SalmonProps!$A$2:$A$10001)*(3=[2]SalmonProps!$C$2:$C$10001)*(1=[2]SalmonProps!$D$2:$D$10001)*("A2" = [2]SalmonProps!$B$2:$B$10001)*($AP21 = [2]SalmonProps!$F$2:$F$10001) *($AR21 = [2]SalmonProps!$G$2:$G$10001),0), 19))} -> NA | R21: {=IF(ISBLANK($AQ21), "", INDEX([2]SalmonProps!$A$2:$AA$10001,MATCH(1,($A21=[2]SalmonProps!$A$2:$A$10001)*(1=[2]SalmonProps!$C$2:$C$10001)*(1=[2]SalmonProps!$D$2:$D$10001)*("A1" = [2]SalmonProps!$B$2:$B$10001)*($AP21 = [2]SalmonProps!$F$2:$F$10001) *($AR21 = [2]SalmonProps!$G$2:$G$10001),0), 18))} -> NA | S21: {=IF(ISBLANK($AQ21), "", INDEX([2]SalmonProps!$A$2:$AA$10001,MATCH(1,($A21=[2]SalmonProps!$A$2:$A$10001)*(1=[2]SalmonProps!$C$2:$C$10001)*(2=[2]SalmonProps!$D$2:$D$10001)*("A1" = [2]SalmonProps!$B$2:$B$10001)*($AP21 = [2]SalmonProps!$F$2:$F$10001) *($AR21 = [2]SalmonProps!$G$2:$G$10001),0), 18))} -> NA | T21: {=IF(ISBLANK($AQ21), "", INDEX([2]SalmonProps!$A$2:$AA$10001,MATCH(1,($A21=[2]SalmonProps!$A$2:$A$10001)*(1=[2]SalmonProps!$C$2:$C$10001)*("1&2"=[2]SalmonProps!$D$2:$D$10001)*("A1" = [2]SalmonProps!$B$2:$B$10001)*($AP21 = [2]SalmonProps!$F$2:$F$10001) *($AR21 = [2]SalmonProps!$G$2:$G$10001),0), 18))} -> NA | U21: {=IF(ISBLANK($AQ21), "", INDEX([2]SalmonProps!$A$2:$AA$10001,MATCH(1,($A21=[2]SalmonProps!$A$2:$A$10001)*(2=[2]SalmonProps!$C$2:$C$10001)*(3=[2]SalmonProps!$D$2:$D$10001)*("A1" = [2]SalmonProps!$B$2:$B$10001)*($AP21 = [2]SalmonProps!$F$2:$F$10001) *($AR21 = [2]SalmonProps!$G$2:$G$10001),0), 18))} -> NA | V21: {=IF(ISBLANK($AQ21), "", INDEX([2]SalmonProps!$A$2:$AA$10001,MATCH(1,($A21=[2]SalmonProps!$A$2:$A$10001)*(3=[2]SalmonProps!$C$2:$C$10001)*(3=[2]SalmonProps!$D$2:$D$10001)*("A1" = [2]SalmonProps!$B$2:$B$10001)*($AP21 = [2]SalmonProps!$F$2:$F$10001) *($AR21 = [2]SalmonProps!$G$2:$G$10001),0), 18))} -> NA | W21: {=IF(ISBLANK($AQ21), "", INDEX([2]SalmonProps!$A$2:$AA$10001,MATCH(1,($A21=[2]SalmonProps!$A$2:$A$10001)*(1=[2]SalmonProps!$C$2:$C$10001)*(1=[2]SalmonProps!$D$2:$D$10001)*("A2" = [2]SalmonProps!$B$2:$B$10001)*($AP21 = [2]SalmonProps!$F$2:$F$10001) *($AR21 = [2]SalmonProps!$G$2:$G$10001),0), 18))} -> NA | X21: {=IF(ISBLANK($AQ21), "", INDEX([2]SalmonProps!$A$2:$AA$10001,MATCH(1,($A21=[2]SalmonProps!$A$2:$A$10001)*(2=[2]SalmonProps!$C$2:$C$10001)*(1=[2]SalmonProps!$D$2:$D$10001)*("A2" = [2]SalmonProps!$B$2:$B$10001)*($AP21 = [2]SalmonProps!$F$2:$F$10001) *($AR21 = [2]SalmonProps!$G$2:$G$10001),0), 18))} -> NA | Y21: {=IF(ISBLANK($AQ21), "", INDEX([2]SalmonProps!$A$2:$AA$10001,MATCH(1,($A21=[2]SalmonProps!$A$2:$A$10001)*(3=[2]SalmonProps!$C$2:$C$10001)*(1=[2]SalmonProps!$D$2:$D$10001)*("A2" = [2]SalmonProps!$B$2:$B$10001)*($AP21 = [2]SalmonProps!$F$2:$F$10001) *($AR21 = [2]SalmonProps!$G$2:$G$10001),0), 18))} -> NA | Z21: {=IF(ISBLANK($AQ21), "", INDEX([2]SalmonProps!$A$2:$AA$10001,MATCH(1,($A21=[2]SalmonProps!$A$2:$A$10001)*(1=[2]SalmonProps!$C$2:$C$10001)*(1=[2]SalmonProps!$D$2:$D$10001)*("A1" = [2]SalmonProps!$B$2:$B$10001)*($AP21 = [2]SalmonProps!$F$2:$F$10001) *($AR21 = [2]SalmonProps!$G$2:$G$10001),0), 15))} -> 0.0696 | AA21: {=IF(ISBLANK($AQ21), "", INDEX([2]SalmonProps!$A$2:$AA$10001,MATCH(1,($A21=[2]SalmonProps!$A$2:$A$10001)*(1=[2]SalmonProps!$C$2:$C$10001)*(2=[2]SalmonProps!$D$2:$D$10001)*("A1" = [2]SalmonProps!$B$2:$B$10001)*($AP21 = [2]SalmonProps!$F$2:$F$10001) *($AR21 = [2]SalmonProps!$G$2:$G$10001),0), 15))} -> 0.0447 | AB21: {=IF(ISBLANK($AQ21), "", INDEX([2]SalmonProps!$A$2:$AA$10001,MATCH(1,($A21=[2]SalmonProps!$A$2:$A$10001)*(1=[2]SalmonProps!$C$2:$C$10001)*("1&2"=[2]SalmonProps!$D$2:$D$10001)*("A1" = [2]SalmonProps!$B$2:$B$10001)*($AP21 = [2]SalmonProps!$F$2:$F$10001) *($AR21 = [2]SalmonProps!$G$2:$G$10001),0), 15))} -> 0.0466 | AC21: {=IF(ISBLANK($AQ21), "", INDEX([2]SalmonProps!$A$2:$AA$10001,MATCH(1,($A21=[2]SalmonProps!$A$2:$A$10001)*(2=[2]SalmonProps!$C$2:$C$10001)*(3=[2]SalmonProps!$D$2:$D$10001)*("A1" = [2]SalmonProps!$B$2:$B$10001)*($AP21 = [2]SalmonProps!$F$2:$F$10001) *($AR21 = [2]SalmonProps!$G$2:$G$10001),0), 15))} -> 0.2302 | AD21: {=IF(ISBLANK($AQ21), "", INDEX([2]SalmonProps!$A$2:$AA$10001,MATCH(1,($A21=[2]SalmonProps!$A$2:$A$10001)*(3=[2]SalmonProps!$C$2:$C$10001)*(3=[2]SalmonProps!$D$2:$D$10001)*("A1" = [2]SalmonProps!$B$2:$B$10001)*($AP21 = [2]SalmonProps!$F$2:$F$10001) *($AR21 = [2]SalmonProps!$G$2:$G$10001),0), 15))} -> 0.6775 | AE21: {=IF(ISBLANK($AQ21), "", INDEX([2]SalmonProps!$A$2:$AA$10001,MATCH(1,($A21=[2]SalmonProps!$A$2:$A$10001)*(1=[2]SalmonProps!$C$2:$C$10001)*(1=[2]SalmonProps!$D$2:$D$10001)*("A2" = [2]SalmonProps!$B$2:$B$10001)*($AP21 = [2]SalmonProps!$F$2:$F$10001) *($AR21 = [2]SalmonProps!$G$2:$G$10001),0), 15))} -> 0.0245 | AF21: {=IF(ISBLANK($AQ21), "", INDEX([2]SalmonProps!$A$2:$AA$10001,MATCH(1,($A21=[2]SalmonProps!$A$2:$A$10001)*(2=[2]SalmonProps!$C$2:$C$10001)*(1=[2]SalmonProps!$D$2:$D$10001)*("A2" = [2]SalmonProps!$B$2:$B$10001)*($AP21 = [2]SalmonProps!$F$2:$F$10001) *($AR21 = [2]SalmonProps!$G$2:$G$10001),0), 15))} -> 0.1388 | AG21: {=IF(ISBLANK($AQ21), "", INDEX([2]SalmonProps!$A$2:$AA$10001,MATCH(1,($A21=[2]SalmonProps!$A$2:$A$10001)*(3=[2]SalmonProps!$C$2:$C$10001)*(1=[2]SalmonProps!$D$2:$D$10001)*("A2" = [2]SalmonProps!$B$2:$B$10001)*($AP21 = [2]SalmonProps!$F$2:$F$10001) *($AR21 = [2]SalmonProps!$G$2:$G$10001),0), 15))} -> 0.1652 | AH21: {=IF(ISBLANK($AQ21), "", INDEX([2]SalmonProps!$A$2:$AA$10001,MATCH(1,($A21=[2]SalmonProps!$A$2:$A$10001)*($AP21 = [2]SalmonProps!$F$2:$F$10001) *($AR21 = [2]SalmonProps!$G$2:$G$10001),0), 24))} -> NA | AI21: {=IF(ISBLANK($AQ21), "", INDEX([2]SalmonProps!$A$2:$AA$10001,MATCH(1,($A21=[2]SalmonProps!$A$2:$A$10001)*($AP21 = [2]SalmonProps!$F$2:$F$10001) *($AR21 = [2]SalmonProps!$G$2:$G$10001),0), 25))} -> NA | AJ21: {=IF(ISBLANK($AQ21), "", INDEX([2]SalmonProps!$A$2:$AA$10001,MATCH(1,($A21=[2]SalmonProps!$A$2:$A$10001)*($AP21 = [2]SalmonProps!$F$2:$F$10001) *($AR21 = [2]SalmonProps!$G$2:$G$10001),0), 20))} -> 59.2 | AK21: {=IF(ISBLANK($AQ21), "", INDEX([2]SalmonProps!$A$2:$AA$10001,MATCH(1,($A21=[2]SalmonProps!$A$2:$A$10001)*($AP21 = [2]SalmonProps!$F$2:$F$10001) *($AR21 = [2]SalmonProps!$G$2:$G$10001),0), 21))} -> 4.8 | AL21: {=IF(ISBLANK($AQ21), "", INDEX([2]SalmonProps!$A$2:$AA$10001,MATCH(1,($A21=[2]SalmonProps!$A$2:$A$10001)*($AP21 = [2]SalmonProps!$F$2:$F$10001) *($AR21 = [2]SalmonProps!$G$2:$G$10001),0), 22))} -> 72.8 | AM21: {=IF(ISBLANK($AQ21), "", INDEX([2]SalmonProps!$A$2:$AA$10001,MATCH(1,($A21=[2]SalmonProps!$A$2:$A$10001)*($AP21 = [2]SalmonProps!$F$2:$F$10001) *($AR21 = [2]SalmonProps!$G$2:$G$10001),0), 23))} -> 7.4 | AN21: {=IF(ISBLANK($AQ21), "", INDEX([2]SalmonProps!$A$2:$AA$10001,MATCH(1,($A21=[2]SalmonProps!$A$2:$A$10001)*($AP21 = [2]SalmonProps!$F$2:$F$10001) *($AR21 = [2]SalmonProps!$G$2:$G$10001),0), 26))} -> NA | AO21: {=IF(ISBLANK($AQ21), "", INDEX([2]SalmonProps!$A$2:$AA$10001,MATCH(1,($A21=[2]SalmonProps!$A$2:$A$10001)*($AP21 = [2]SalmonProps!$F$2:$F$10001) *($AR21 = [2]SalmonProps!$G$2:$G$10001),0), 27))} -> NA | AP21: 3 | AQ21: ML - Unweighted | AR21: =INDEX($AT$2:$AU$5, MATCH(AQ21,$AT$2:$AT$5, 0), 2) -> Unweighted
A22: ='[1]Passage Estimates'!$A22 -> 45124 | B22: {=IF(ISBLANK($AQ22), "", INDEX([2]SalmonProps!$A$2:$AA$10001,MATCH(1,($A22=[2]SalmonProps!$A$2:$A$10001)*(1=[2]SalmonProps!$C$2:$C$10001)*(1=[2]SalmonProps!$D$2:$D$10001)*("A1" = [2]SalmonProps!$B$2:$B$10001)*($AP22 = [2]SalmonProps!$F$2:$F$10001) *($AR22 = [2]SalmonProps!$G$2:$G$10001),0), 17))} -> 0.0086 | C22: {=IF(ISBLANK($AQ22), "", INDEX([2]SalmonProps!$A$2:$AA$10001,MATCH(1,($A22=[2]SalmonProps!$A$2:$A$10001)*(1=[2]SalmonProps!$C$2:$C$10001)*(2=[2]SalmonProps!$D$2:$D$10001)*("A1" = [2]SalmonProps!$B$2:$B$10001)*($AP22 = [2]SalmonProps!$F$2:$F$10001) *($AR22 = [2]SalmonProps!$G$2:$G$10001),0), 17))} -> 0 | D22: {=IF(ISBLANK($AQ22), "", INDEX([2]SalmonProps!$A$2:$AA$10001,MATCH(1,($A22=[2]SalmonProps!$A$2:$A$10001)*(1=[2]SalmonProps!$C$2:$C$10001)*("1&2"=[2]SalmonProps!$D$2:$D$10001)*("A1" = [2]SalmonProps!$B$2:$B$10001)*($AP22 = [2]SalmonProps!$F$2:$F$10001) *($AR22 = [2]SalmonProps!$G$2:$G$10001),0), 17))} -> 0.0036 | E22: {=IF(ISBLANK($AQ22), "", INDEX([2]SalmonProps!$A$2:$AA$10001,MATCH(1,($A22=[2]SalmonProps!$A$2:$A$10001)*(2=[2]SalmonProps!$C$2:$C$10001)*(3=[2]SalmonProps!$D$2:$D$10001)*("A1" = [2]SalmonProps!$B$2:$B$10001)*($AP22 = [2]SalmonProps!$F$2:$F$10001) *($AR22 = [2]SalmonProps!$G$2:$G$10001),0), 17))} -> 0.2264 | F22: {=IF(ISBLANK($AQ22), "", INDEX([2]SalmonProps!$A$2:$AA$10001,MATCH(1,($A22=[2]SalmonProps!$A$2:$A$10001)*(3=[2]SalmonProps!$C$2:$C$10001)*(3=[2]SalmonProps!$D$2:$D$10001)*("A1" = [2]SalmonProps!$B$2:$B$10001)*($AP22 = [2]SalmonProps!$F$2:$F$10001) *($AR22 = [2]SalmonProps!$G$2:$G$10001),0), 17))} -> 0.5369 | G22: {=IF(ISBLANK($AQ22), "", INDEX([2]SalmonProps!$A$2:$AA$10001,MATCH(1,($A22=[2]SalmonProps!$A$2:$A$10001)*(1=[2]SalmonProps!$C$2:$C$10001)*(1=[2]SalmonProps!$D$2:$D$10001)*("A2" = [2]SalmonProps!$B$2:$B$10001)*($AP22 = [2]SalmonProps!$F$2:$F$10001) *($AR22 = [2]SalmonProps!$G$2:$G$10001),0), 17))} -> 0 | H22: {=IF(ISBLANK($AQ22), "", INDEX([2]SalmonProps!$A$2:$AA$10001,MATCH(1,($A22=[2]SalmonProps!$A$2:$A$10001)*(2=[2]SalmonProps!$C$2:$C$10001)*(1=[2]SalmonProps!$D$2:$D$10001)*("A2" = [2]SalmonProps!$B$2:$B$10001)*($AP22 = [2]SalmonProps!$F$2:$F$10001) *($AR22 = [2]SalmonProps!$G$2:$G$10001),0), 17))} -> 0.019 | I22: {=IF(ISBLANK($AQ22), "", INDEX([2]SalmonProps!$A$2:$AA$10001,MATCH(1,($A22=[2]SalmonProps!$A$2:$A$10001)*(3=[2]SalmonProps!$C$2:$C$10001)*(1=[2]SalmonProps!$D$2:$D$10001)*("A2" = [2]SalmonProps!$B$2:$B$10001)*($AP22 = [2]SalmonProps!$F$2:$F$10001) *($AR22 = [2]SalmonProps!$G$2:$G$10001),0), 17))} -> 0.0714 | J22: {=IF(ISBLANK($AQ22), "", INDEX([2]SalmonProps!$A$2:$AA$10001,MATCH(1,($A22=[2]SalmonProps!$A$2:$A$10001)*(1=[2]SalmonProps!$C$2:$C$10001)*(1=[2]SalmonProps!$D$2:$D$10001)*("A1" = [2]SalmonProps!$B$2:$B$10001)*($AP22 = [2]SalmonProps!$F$2:$F$10001) *($AR22 = [2]SalmonProps!$G$2:$G$10001),0), 19))} -> NA | K22: {=IF(ISBLANK($AQ22), "", INDEX([2]SalmonProps!$A$2:$AA$10001,MATCH(1,($A22=[2]SalmonProps!$A$2:$A$10001)*(1=[2]SalmonProps!$C$2:$C$10001)*(2=[2]SalmonProps!$D$2:$D$10001)*("A1" = [2]SalmonProps!$B$2:$B$10001)*($AP22 = [2]SalmonProps!$F$2:$F$10001) *($AR22 = [2]SalmonProps!$G$2:$G$10001),0), 19))} -> NA | L22: {=IF(ISBLANK($AQ22), "", INDEX([2]SalmonProps!$A$2:$AA$10001,MATCH(1,($A22=[2]SalmonProps!$A$2:$A$10001)*(1=[2]SalmonProps!$C$2:$C$10001)*("1&2"=[2]SalmonProps!$D$2:$D$10001)*("A1" = [2]SalmonProps!$B$2:$B$10001)*($AP22 = [2]SalmonProps!$F$2:$F$10001) *($AR22 = [2]SalmonProps!$G$2:$G$10001),0), 19))} -> NA | M22: {=IF(ISBLANK($AQ22), "", INDEX([2]SalmonProps!$A$2:$AA$10001,MATCH(1,($A22=[2]SalmonProps!$A$2:$A$10001)*(2=[2]SalmonProps!$C$2:$C$10001)*(3=[2]SalmonProps!$D$2:$D$10001)*("A1" = [2]SalmonProps!$B$2:$B$10001)*($AP22 = [2]SalmonProps!$F$2:$F$10001) *($AR22 = [2]SalmonProps!$G$2:$G$10001),0), 19))} -> NA | N22: {=IF(ISBLANK($AQ22), "", INDEX([2]SalmonProps!$A$2:$AA$10001,MATCH(1,($A22=[2]SalmonProps!$A$2:$A$10001)*(3=[2]SalmonProps!$C$2:$C$10001)*(3=[2]SalmonProps!$D$2:$D$10001)*("A1" = [2]SalmonProps!$B$2:$B$10001)*($AP22 = [2]SalmonProps!$F$2:$F$10001) *($AR22 = [2]SalmonProps!$G$2:$G$10001),0), 19))} -> NA | O22: {=IF(ISBLANK($AQ22), "", INDEX([2]SalmonProps!$A$2:$AA$10001,MATCH(1,($A22=[2]SalmonProps!$A$2:$A$10001)*(1=[2]SalmonProps!$C$2:$C$10001)*(1=[2]SalmonProps!$D$2:$D$10001)*("A2" = [2]SalmonProps!$B$2:$B$10001)*($AP22 = [2]SalmonProps!$F$2:$F$10001) *($AR22 = [2]SalmonProps!$G$2:$G$10001),0), 19))} -> NA | P22: {=IF(ISBLANK($AQ22), "", INDEX([2]SalmonProps!$A$2:$AA$10001,MATCH(1,($A22=[2]SalmonProps!$A$2:$A$10001)*(2=[2]SalmonProps!$C$2:$C$10001)*(1=[2]SalmonProps!$D$2:$D$10001)*("A2" = [2]SalmonProps!$B$2:$B$10001)*($AP22 = [2]SalmonProps!$F$2:$F$10001) *($AR22 = [2]SalmonProps!$G$2:$G$10001),0), 19))} -> NA | Q22: {=IF(ISBLANK($AQ22), "", INDEX([2]SalmonProps!$A$2:$AA$10001,MATCH(1,($A22=[2]SalmonProps!$A$2:$A$10001)*(3=[2]SalmonProps!$C$2:$C$10001)*(1=[2]SalmonProps!$D$2:$D$10001)*("A2" = [2]SalmonProps!$B$2:$B$10001)*($AP22 = [2]SalmonProps!$F$2:$F$10001) *($AR22 = [2]SalmonProps!$G$2:$G$10001),0), 19))} -> NA | R22: {=IF(ISBLANK($AQ22), "", INDEX([2]SalmonProps!$A$2:$AA$10001,MATCH(1,($A22=[2]SalmonProps!$A$2:$A$10001)*(1=[2]SalmonProps!$C$2:$C$10001)*(1=[2]SalmonProps!$D$2:$D$10001)*("A1" = [2]SalmonProps!$B$2:$B$10001)*($AP22 = [2]SalmonProps!$F$2:$F$10001) *($AR22 = [2]SalmonProps!$G$2:$G$10001),0), 18))} -> NA | S22: {=IF(ISBLANK($AQ22), "", INDEX([2]SalmonProps!$A$2:$AA$10001,MATCH(1,($A22=[2]SalmonProps!$A$2:$A$10001)*(1=[2]SalmonProps!$C$2:$C$10001)*(2=[2]SalmonProps!$D$2:$D$10001)*("A1" = [2]SalmonProps!$B$2:$B$10001)*($AP22 = [2]SalmonProps!$F$2:$F$10001) *($AR22 = [2]SalmonProps!$G$2:$G$10001),0), 18))} -> NA | T22: {=IF(ISBLANK($AQ22), "", INDEX([2]SalmonProps!$A$2:$AA$10001,MATCH(1,($A22=[2]SalmonProps!$A$2:$A$10001)*(1=[2]SalmonProps!$C$2:$C$10001)*("1&2"=[2]SalmonProps!$D$2:$D$10001)*("A1" = [2]SalmonProps!$B$2:$B$10001)*($AP22 = [2]SalmonProps!$F$2:$F$10001) *($AR22 = [2]SalmonProps!$G$2:$G$10001),0), 18))} -> NA | U22: {=IF(ISBLANK($AQ22), "", INDEX([2]SalmonProps!$A$2:$AA$10001,MATCH(1,($A22=[2]SalmonProps!$A$2:$A$10001)*(2=[2]SalmonProps!$C$2:$C$10001)*(3=[2]SalmonProps!$D$2:$D$10001)*("A1" = [2]SalmonProps!$B$2:$B$10001)*($AP22 = [2]SalmonProps!$F$2:$F$10001) *($AR22 = [2]SalmonProps!$G$2:$G$10001),0), 18))} -> NA | V22: {=IF(ISBLANK($AQ22), "", INDEX([2]SalmonProps!$A$2:$AA$10001,MATCH(1,($A22=[2]SalmonProps!$A$2:$A$10001)*(3=[2]SalmonProps!$C$2:$C$10001)*(3=[2]SalmonProps!$D$2:$D$10001)*("A1" = [2]SalmonProps!$B$2:$B$10001)*($AP22 = [2]SalmonProps!$F$2:$F$10001) *($AR22 = [2]SalmonProps!$G$2:$G$10001),0), 18))} -> NA | W22: {=IF(ISBLANK($AQ22), "", INDEX([2]SalmonProps!$A$2:$AA$10001,MATCH(1,($A22=[2]SalmonProps!$A$2:$A$10001)*(1=[2]SalmonProps!$C$2:$C$10001)*(1=[2]SalmonProps!$D$2:$D$10001)*("A2" = [2]SalmonProps!$B$2:$B$10001)*($AP22 = [2]SalmonProps!$F$2:$F$10001) *($AR22 = [2]SalmonProps!$G$2:$G$10001),0), 18))} -> NA | X22: {=IF(ISBLANK($AQ22), "", INDEX([2]SalmonProps!$A$2:$AA$10001,MATCH(1,($A22=[2]SalmonProps!$A$2:$A$10001)*(2=[2]SalmonProps!$C$2:$C$10001)*(1=[2]SalmonProps!$D$2:$D$10001)*("A2" = [2]SalmonProps!$B$2:$B$10001)*($AP22 = [2]SalmonProps!$F$2:$F$10001) *($AR22 = [2]SalmonProps!$G$2:$G$10001),0), 18))} -> NA | Y22: {=IF(ISBLANK($AQ22), "", INDEX([2]SalmonProps!$A$2:$AA$10001,MATCH(1,($A22=[2]SalmonProps!$A$2:$A$10001)*(3=[2]SalmonProps!$C$2:$C$10001)*(1=[2]SalmonProps!$D$2:$D$10001)*("A2" = [2]SalmonProps!$B$2:$B$10001)*($AP22 = [2]SalmonProps!$F$2:$F$10001) *($AR22 = [2]SalmonProps!$G$2:$G$10001),0), 18))} -> NA | Z22: {=IF(ISBLANK($AQ22), "", INDEX([2]SalmonProps!$A$2:$AA$10001,MATCH(1,($A22=[2]SalmonProps!$A$2:$A$10001)*(1=[2]SalmonProps!$C$2:$C$10001)*(1=[2]SalmonProps!$D$2:$D$10001)*("A1" = [2]SalmonProps!$B$2:$B$10001)*($AP22 = [2]SalmonProps!$F$2:$F$10001) *($AR22 = [2]SalmonProps!$G$2:$G$10001),0), 15))} -> 0.0264 | AA22: {=IF(ISBLANK($AQ22), "", INDEX([2]SalmonProps!$A$2:$AA$10001,MATCH(1,($A22=[2]SalmonProps!$A$2:$A$10001)*(1=[2]SalmonProps!$C$2:$C$10001)*(2=[2]SalmonProps!$D$2:$D$10001)*("A1" = [2]SalmonProps!$B$2:$B$10001)*($AP22 = [2]SalmonProps!$F$2:$F$10001) *($AR22 = [2]SalmonProps!$G$2:$G$10001),0), 15))} -> 0.0974 | AB22: {=IF(ISBLANK($AQ22), "", INDEX([2]SalmonProps!$A$2:$AA$10001,MATCH(1,($A22=[2]SalmonProps!$A$2:$A$10001)*(1=[2]SalmonProps!$C$2:$C$10001)*("1&2"=[2]SalmonProps!$D$2:$D$10001)*("A1" = [2]SalmonProps!$B$2:$B$10001)*($AP22 = [2]SalmonProps!$F$2:$F$10001) *($AR22 = [2]SalmonProps!$G$2:$G$10001),0), 15))} -> 0.048 | AC22: {=IF(ISBLANK($AQ22), "", INDEX([2]SalmonProps!$A$2:$AA$10001,MATCH(1,($A22=[2]SalmonProps!$A$2:$A$10001)*(2=[2]SalmonProps!$C$2:$C$10001)*(3=[2]SalmonProps!$D$2:$D$10001)*("A1" = [2]SalmonProps!$B$2:$B$10001)*($AP22 = [2]SalmonProps!$F$2:$F$10001) *($AR22 = [2]SalmonProps!$G$2:$G$10001),0), 15))} -> 0.4305 | AD22: {=IF(ISBLANK($AQ22), "", INDEX([2]SalmonProps!$A$2:$AA$10001,MATCH(1,($A22=[2]SalmonProps!$A$2:$A$10001)*(3=[2]SalmonProps!$C$2:$C$10001)*(3=[2]SalmonProps!$D$2:$D$10001)*("A1" = [2]SalmonProps!$B$2:$B$10001)*($AP22 = [2]SalmonProps!$F$2:$F$10001) *($AR22 = [2]SalmonProps!$G$2:$G$10001),0), 15))} -> 0.6696 | AE22: {=IF(ISBLANK($AQ22), "", INDEX([2]SalmonProps!$A$2:$AA$10001,MATCH(1,($A22=[2]SalmonProps!$A$2:$A$10001)*(1=[2]SalmonProps!$C$2:$C$10001)*(1=[2]SalmonProps!$D$2:$D$10001)*("A2" = [2]SalmonProps!$B$2:$B$10001)*($AP22 = [2]SalmonProps!$F$2:$F$10001) *($AR22 = [2]SalmonProps!$G$2:$G$10001),0), 15))} -> 0.0245 | AF22: {=IF(ISBLANK($AQ22), "", INDEX([2]SalmonProps!$A$2:$AA$10001,MATCH(1,($A22=[2]SalmonProps!$A$2:$A$10001)*(2=[2]SalmonProps!$C$2:$C$10001)*(1=[2]SalmonProps!$D$2:$D$10001)*("A2" = [2]SalmonProps!$B$2:$B$10001)*($AP22 = [2]SalmonProps!$F$2:$F$10001) *($AR22 = [2]SalmonProps!$G$2:$G$10001),0), 15))} -> 0.1388 | AG22: {=IF(ISBLANK($AQ22), "", INDEX([2]SalmonProps!$A$2:$AA$10001,MATCH(1,($A22=[2]SalmonProps!$A$2:$A$10001)*(3=[2]SalmonProps!$C$2:$C$10001)*(1=[2]SalmonProps!$D$2:$D$10001)*("A2" = [2]SalmonProps!$B$2:$B$10001)*($AP22 = [2]SalmonProps!$F$2:$F$10001) *($AR22 = [2]SalmonProps!$G$2:$G$10001),0), 15))} -> 0.1652 | AH22: {=IF(ISBLANK($AQ22), "", INDEX([2]SalmonProps!$A$2:$AA$10001,MATCH(1,($A22=[2]SalmonProps!$A$2:$A$10001)*($AP22 = [2]SalmonProps!$F$2:$F$10001) *($AR22 = [2]SalmonProps!$G$2:$G$10001),0), 24))} -> NA | AI22: {=IF(ISBLANK($AQ22), "", INDEX([2]SalmonProps!$A$2:$AA$10001,MATCH(1,($A22=[2]SalmonProps!$A$2:$A$10001)*($AP22 = [2]SalmonProps!$F$2:$F$10001) *($AR22 = [2]SalmonProps!$G$2:$G$10001),0), 25))} -> NA | AJ22: {=IF(ISBLANK($AQ22), "", INDEX([2]SalmonProps!$A$2:$AA$10001,MATCH(1,($A22=[2]SalmonProps!$A$2:$A$10001)*($AP22 = [2]SalmonProps!$F$2:$F$10001) *($AR22 = [2]SalmonProps!$G$2:$G$10001),0), 20))} -> 59.5 | AK22: {=IF(ISBLANK($AQ22), "", INDEX([2]SalmonProps!$A$2:$AA$10001,MATCH(1,($A22=[2]SalmonProps!$A$2:$A$10001)*($AP22 = [2]SalmonProps!$F$2:$F$10001) *($AR22 = [2]SalmonProps!$G$2:$G$10001),0), 21))} -> 4.8 | AL22: {=IF(ISBLANK($AQ22), "", INDEX([2]SalmonProps!$A$2:$AA$10001,MATCH(1,($A22=[2]SalmonProps!$A$2:$A$10001)*($AP22 = [2]SalmonProps!$F$2:$F$10001) *($AR22 = [2]SalmonProps!$G$2:$G$10001),0), 22))} -> 73.9 | AM22: {=IF(ISBLANK($AQ22), "", INDEX([2]SalmonProps!$A$2:$AA$10001,MATCH(1,($A22=[2]SalmonProps!$A$2:$A$10001)*($AP22 = [2]SalmonProps!$F$2:$F$10001) *($AR22 = [2]SalmonProps!$G$2:$G$10001),0), 23))} -> 7.5 | AN22: {=IF(ISBLANK($AQ22), "", INDEX([2]SalmonProps!$A$2:$AA$10001,MATCH(1,($A22=[2]SalmonProps!$A$2:$A$10001)*($AP22 = [2]SalmonProps!$F$2:$F$10001) *($AR22 = [2]SalmonProps!$G$2:$G$10001),0), 26))} -> NA | AO22: {=IF(ISBLANK($AQ22), "", INDEX([2]SalmonProps!$A$2:$AA$10001,MATCH(1,($A22=[2]SalmonProps!$A$2:$A$10001)*($AP22 = [2]SalmonProps!$F$2:$F$10001) *($AR22 = [2]SalmonProps!$G$2:$G$10001),0), 27))} -> NA | AP22: 3 | AQ22: ML - Unweighted | AR22: =INDEX($AT$2:$AU$5, MATCH(AQ22,$AT$2:$AT$5, 0), 2) -> Unweighted
A23: ='[1]Passage Estimates'!$A23 -> 45125 | B23: {=IF(ISBLANK($AQ23), "", INDEX([2]SalmonProps!$A$2:$AA$10001,MATCH(1,($A23=[2]SalmonProps!$A$2:$A$10001)*(1=[2]SalmonProps!$C$2:$C$10001)*(1=[2]SalmonProps!$D$2:$D$10001)*("A1" = [2]SalmonProps!$B$2:$B$10001)*($AP23 = [2]SalmonProps!$F$2:$F$10001) *($AR23 = [2]SalmonProps!$G$2:$G$10001),0), 17))} -> 0.0215 | C23: {=IF(ISBLANK($AQ23), "", INDEX([2]SalmonProps!$A$2:$AA$10001,MATCH(1,($A23=[2]SalmonProps!$A$2:$A$10001)*(1=[2]SalmonProps!$C$2:$C$10001)*(2=[2]SalmonProps!$D$2:$D$10001)*("A1" = [2]SalmonProps!$B$2:$B$10001)*($AP23 = [2]SalmonProps!$F$2:$F$10001) *($AR23 = [2]SalmonProps!$G$2:$G$10001),0), 17))} -> 0 | D23: {=IF(ISBLANK($AQ23), "", INDEX([2]SalmonProps!$A$2:$AA$10001,MATCH(1,($A23=[2]SalmonProps!$A$2:$A$10001)*(1=[2]SalmonProps!$C$2:$C$10001)*("1&2"=[2]SalmonProps!$D$2:$D$10001)*("A1" = [2]SalmonProps!$B$2:$B$10001)*($AP23 = [2]SalmonProps!$F$2:$F$10001) *($AR23 = [2]SalmonProps!$G$2:$G$10001),0), 17))} -> 0.0093 | E23: {=IF(ISBLANK($AQ23), "", INDEX([2]SalmonProps!$A$2:$AA$10001,MATCH(1,($A23=[2]SalmonProps!$A$2:$A$10001)*(2=[2]SalmonProps!$C$2:$C$10001)*(3=[2]SalmonProps!$D$2:$D$10001)*("A1" = [2]SalmonProps!$B$2:$B$10001)*($AP23 = [2]SalmonProps!$F$2:$F$10001) *($AR23 = [2]SalmonProps!$G$2:$G$10001),0), 17))} -> 0.0599 | F23: {=IF(ISBLANK($AQ23), "", INDEX([2]SalmonProps!$A$2:$AA$10001,MATCH(1,($A23=[2]SalmonProps!$A$2:$A$10001)*(3=[2]SalmonProps!$C$2:$C$10001)*(3=[2]SalmonProps!$D$2:$D$10001)*("A1" = [2]SalmonProps!$B$2:$B$10001)*($AP23 = [2]SalmonProps!$F$2:$F$10001) *($AR23 = [2]SalmonProps!$G$2:$G$10001),0), 17))} -> 0.2828 | G23: {=IF(ISBLANK($AQ23), "", INDEX([2]SalmonProps!$A$2:$AA$10001,MATCH(1,($A23=[2]SalmonProps!$A$2:$A$10001)*(1=[2]SalmonProps!$C$2:$C$10001)*(1=[2]SalmonProps!$D$2:$D$10001)*("A2" = [2]SalmonProps!$B$2:$B$10001)*($AP23 = [2]SalmonProps!$F$2:$F$10001) *($AR23 = [2]SalmonProps!$G$2:$G$10001),0), 17))} -> 0 | H23: {=IF(ISBLANK($AQ23), "", INDEX([2]SalmonProps!$A$2:$AA$10001,MATCH(1,($A23=[2]SalmonProps!$A$2:$A$10001)*(2=[2]SalmonProps!$C$2:$C$10001)*(1=[2]SalmonProps!$D$2:$D$10001)*("A2" = [2]SalmonProps!$B$2:$B$10001)*($AP23 = [2]SalmonProps!$F$2:$F$10001) *($AR23 = [2]SalmonProps!$G$2:$G$10001),0), 17))} -> 0.0793 | I23: {=IF(ISBLANK($AQ23), "", INDEX([2]SalmonProps!$A$2:$AA$10001,MATCH(1,($A23=[2]SalmonProps!$A$2:$A$10001)*(3=[2]SalmonProps!$C$2:$C$10001)*(1=[2]SalmonProps!$D$2:$D$10001)*("A2" = [2]SalmonProps!$B$2:$B$10001)*($AP23 = [2]SalmonProps!$F$2:$F$10001) *($AR23 = [2]SalmonProps!$G$2:$G$10001),0), 17))} -> 0.2119 | J23: {=IF(ISBLANK($AQ23), "", INDEX([2]SalmonProps!$A$2:$AA$10001,MATCH(1,($A23=[2]SalmonProps!$A$2:$A$10001)*(1=[2]SalmonProps!$C$2:$C$10001)*(1=[2]SalmonProps!$D$2:$D$10001)*("A1" = [2]SalmonProps!$B$2:$B$10001)*($AP23 = [2]SalmonProps!$F$2:$F$10001) *($AR23 = [2]SalmonProps!$G$2:$G$10001),0), 19))} -> NA | K23: {=IF(ISBLANK($AQ23), "", INDEX([2]SalmonProps!$A$2:$AA$10001,MATCH(1,($A23=[2]SalmonProps!$A$2:$A$10001)*(1=[2]SalmonProps!$C$2:$C$10001)*(2=[2]SalmonProps!$D$2:$D$10001)*("A1" = [2]SalmonProps!$B$2:$B$10001)*($AP23 = [2]SalmonProps!$F$2:$F$10001) *($AR23 = [2]SalmonProps!$G$2:$G$10001),0), 19))} -> NA | L23: {=IF(ISBLANK($AQ23), "", INDEX([2]SalmonProps!$A$2:$AA$10001,MATCH(1,($A23=[2]SalmonProps!$A$2:$A$10001)*(1=[2]SalmonProps!$C$2:$C$10001)*("1&2"=[2]SalmonProps!$D$2:$D$10001)*("A1" = [2]SalmonProps!$B$2:$B$10001)*($AP23 = [2]SalmonProps!$F$2:$F$10001) *($AR23 = [2]SalmonProps!$G$2:$G$10001),0), 19))} -> NA | M23: {=IF(ISBLANK($AQ23), "", INDEX([2]SalmonProps!$A$2:$AA$10001,MATCH(1,($A23=[2]SalmonProps!$A$2:$A$10001)*(2=[2]SalmonProps!$C$2:$C$10001)*(3=[2]SalmonProps!$D$2:$D$10001)*("A1" = [2]SalmonProps!$B$2:$B$10001)*($AP23 = [2]SalmonProps!$F$2:$F$10001) *($AR23 = [2]SalmonProps!$G$2:$G$10001),0), 19))} -> NA | N23: {=IF(ISBLANK($AQ23), "", INDEX([2]SalmonProps!$A$2:$AA$10001,MATCH(1,($A23=[2]SalmonProps!$A$2:$A$10001)*(3=[2]SalmonProps!$C$2:$C$10001)*(3=[2]SalmonProps!$D$2:$D$10001)*("A1" = [2]SalmonProps!$B$2:$B$10001)*($AP23 = [2]SalmonProps!$F$2:$F$10001) *($AR23 = [2]SalmonProps!$G$2:$G$10001),0), 19))} -> NA | O23: {=IF(ISBLANK($AQ23), "", INDEX([2]SalmonProps!$A$2:$AA$10001,MATCH(1,($A23=[2]SalmonProps!$A$2:$A$10001)*(1=[2]SalmonProps!$C$2:$C$10001)*(1=[2]SalmonProps!$D$2:$D$10001)*("A2" = [2]SalmonProps!$B$2:$B$10001)*($AP23 = [2]SalmonProps!$F$2:$F$10001) *($AR23 = [2]SalmonProps!$G$2:$G$10001),0), 19))} -> NA | P23: {=IF(ISBLANK($AQ23), "", INDEX([2]SalmonProps!$A$2:$AA$10001,MATCH(1,($A23=[2]SalmonProps!$A$2:$A$10001)*(2=[2]SalmonProps!$C$2:$C$10001)*(1=[2]SalmonProps!$D$2:$D$10001)*("A2" = [2]SalmonProps!$B$2:$B$10001)*($AP23 = [2]SalmonProps!$F$2:$F$10001) *($AR23 = [2]SalmonProps!$G$2:$G$10001),0), 19))} -> NA | Q23: {=IF(ISBLANK($AQ23), "", INDEX([2]SalmonProps!$A$2:$AA$10001,MATCH(1,($A23=[2]SalmonProps!$A$2:$A$10001)*(3=[2]SalmonProps!$C$2:$C$10001)*(1=[2]SalmonProps!$D$2:$D$10001)*("A2" = [2]SalmonProps!$B$2:$B$10001)*($AP23 = [2]SalmonProps!$F$2:$F$10001) *($AR23 = [2]SalmonProps!$G$2:$G$10001),0), 19))} -> NA | R23: {=IF(ISBLANK($AQ23), "", INDEX([2]SalmonProps!$A$2:$AA$10001,MATCH(1,($A23=[2]SalmonProps!$A$2:$A$10001)*(1=[2]SalmonProps!$C$2:$C$10001)*(1=[2]SalmonProps!$D$2:$D$10001)*("A1" = [2]SalmonProps!$B$2:$B$10001)*($AP23 = [2]SalmonProps!$F$2:$F$10001) *($AR23 = [2]SalmonProps!$G$2:$G$10001),0), 18))} -> NA | S23: {=IF(ISBLANK($AQ23), "", INDEX([2]SalmonProps!$A$2:$AA$10001,MATCH(1,($A23=[2]SalmonProps!$A$2:$A$10001)*(1=[2]SalmonProps!$C$2:$C$10001)*(2=[2]SalmonProps!$D$2:$D$10001)*("A1" = [2]SalmonProps!$B$2:$B$10001)*($AP23 = [2]SalmonProps!$F$2:$F$10001) *($AR23 = [2]SalmonProps!$G$2:$G$10001),0), 18))} -> NA | T23: {=IF(ISBLANK($AQ23), "", INDEX([2]SalmonProps!$A$2:$AA$10001,MATCH(1,($A23=[2]SalmonProps!$A$2:$A$10001)*(1=[2]SalmonProps!$C$2:$C$10001)*("1&2"=[2]SalmonProps!$D$2:$D$10001)*("A1" = [2]SalmonProps!$B$2:$B$10001)*($AP23 = [2]SalmonProps!$F$2:$F$10001) *($AR23 = [2]SalmonProps!$G$2:$G$10001),0), 18))} -> NA | U23: {=IF(ISBLANK($AQ23), "", INDEX([2]SalmonProps!$A$2:$AA$10001,MATCH(1,($A23=[2]SalmonProps!$A$2:$A$10001)*(2=[2]SalmonProps!$C$2:$C$10001)*(3=[2]SalmonProps!$D$2:$D$10001)*("A1" = [2]SalmonProps!$B$2:$B$10001)*($AP23 = [2]SalmonProps!$F$2:$F$10001) *($AR23 = [2]SalmonProps!$G$2:$G$10001),0), 18))} -> NA | V23: {=IF(ISBLANK($AQ23), "", INDEX([2]SalmonProps!$A$2:$AA$10001,MATCH(1,($A23=[2]SalmonProps!$A$2:$A$10001)*(3=[2]SalmonProps!$C$2:$C$10001)*(3=[2]SalmonProps!$D$2:$D$10001)*("A1" = [2]SalmonProps!$B$2:$B$10001)*($AP23 = [2]SalmonProps!$F$2:$F$10001) *($AR23 = [2]SalmonProps!$G$2:$G$10001),0), 18))} -> NA | W23: {=IF(ISBLANK($AQ23), "", INDEX([2]SalmonProps!$A$2:$AA$10001,MATCH(1,($A23=[2]SalmonProps!$A$2:$A$10001)*(1=[2]SalmonProps!$C$2:$C$10001)*(1=[2]SalmonProps!$D$2:$D$10001)*("A2" = [2]SalmonProps!$B$2:$B$10001)*($AP23 = [2]SalmonProps!$F$2:$F$10001) *($AR23 = [2]SalmonProps!$G$2:$G$10001),0), 18))} -> NA | X23: {=IF(ISBLANK($AQ23), "", INDEX([2]SalmonProps!$A$2:$AA$10001,MATCH(1,($A23=[2]SalmonProps!$A$2:$A$10001)*(2=[2]SalmonProps!$C$2:$C$10001)*(1=[2]SalmonProps!$D$2:$D$10001)*("A2" = [2]SalmonProps!$B$2:$B$10001)*($AP23 = [2]SalmonProps!$F$2:$F$10001) *($AR23 = [2]SalmonProps!$G$2:$G$10001),0), 18))} -> NA | Y23: {=IF(ISBLANK($AQ23), "", INDEX([2]SalmonProps!$A$2:$AA$10001,MATCH(1,($A23=[2]SalmonProps!$A$2:$A$10001)*(3=[2]SalmonProps!$C$2:$C$10001)*(1=[2]SalmonProps!$D$2:$D$10001)*("A2" = [2]SalmonProps!$B$2:$B$10001)*($AP23 = [2]SalmonProps!$F$2:$F$10001) *($AR23 = [2]SalmonProps!$G$2:$G$10001),0), 18))} -> NA | Z23: {=IF(ISBLANK($AQ23), "", INDEX([2]SalmonProps!$A$2:$AA$10001,MATCH(1,($A23=[2]SalmonProps!$A$2:$A$10001)*(1=[2]SalmonProps!$C$2:$C$10001)*(1=[2]SalmonProps!$D$2:$D$10001)*("A1" = [2]SalmonProps!$B$2:$B$10001)*($AP23 = [2]SalmonProps!$F$2:$F$10001) *($AR23 = [2]SalmonProps!$G$2:$G$10001),0), 15))} -> 0.0635 | AA23: {=IF(ISBLANK($AQ23), "", INDEX([2]SalmonProps!$A$2:$AA$10001,MATCH(1,($A23=[2]SalmonProps!$A$2:$A$10001)*(1=[2]SalmonProps!$C$2:$C$10001)*(2=[2]SalmonProps!$D$2:$D$10001)*("A1" = [2]SalmonProps!$B$2:$B$10001)*($AP23 = [2]SalmonProps!$F$2:$F$10001) *($AR23 = [2]SalmonProps!$G$2:$G$10001),0), 15))} -> 0.0598 | AB23: {=IF(ISBLANK($AQ23), "", INDEX([2]SalmonProps!$A$2:$AA$10001,MATCH(1,($A23=[2]SalmonProps!$A$2:$A$10001)*(1=[2]SalmonProps!$C$2:$C$10001)*("1&2"=[2]SalmonProps!$D$2:$D$10001)*("A1" = [2]SalmonProps!$B$2:$B$10001)*($AP23 = [2]SalmonProps!$F$2:$F$10001) *($AR23 = [2]SalmonProps!$G$2:$G$10001),0), 15))} -> 0.0594 | AC23: {=IF(ISBLANK($AQ23), "", INDEX([2]SalmonProps!$A$2:$AA$10001,MATCH(1,($A23=[2]SalmonProps!$A$2:$A$10001)*(2=[2]SalmonProps!$C$2:$C$10001)*(3=[2]SalmonProps!$D$2:$D$10001)*("A1" = [2]SalmonProps!$B$2:$B$10001)*($AP23 = [2]SalmonProps!$F$2:$F$10001) *($AR23 = [2]SalmonProps!$G$2:$G$10001),0), 15))} -> 0.3068 | AD23: {=IF(ISBLANK($AQ23), "", INDEX([2]SalmonProps!$A$2:$AA$10001,MATCH(1,($A23=[2]SalmonProps!$A$2:$A$10001)*(3=[2]SalmonProps!$C$2:$C$10001)*(3=[2]SalmonProps!$D$2:$D$10001)*("A1" = [2]SalmonProps!$B$2:$B$10001)*($AP23 = [2]SalmonProps!$F$2:$F$10001) *($AR23 = [2]SalmonProps!$G$2:$G$10001),0), 15))} -> 0.6847 | AE23: {=IF(ISBLANK($AQ23), "", INDEX([2]SalmonProps!$A$2:$AA$10001,MATCH(1,($A23=[2]SalmonProps!$A$2:$A$10001)*(1=[2]SalmonProps!$C$2:$C$10001)*(1=[2]SalmonProps!$D$2:$D$10001)*("A2" = [2]SalmonProps!$B$2:$B$10001)*($AP23 = [2]SalmonProps!$F$2:$F$10001) *($AR23 = [2]SalmonProps!$G$2:$G$10001),0), 15))} -> 0.0425 | AF23: {=IF(ISBLANK($AQ23), "", INDEX([2]SalmonProps!$A$2:$AA$10001,MATCH(1,($A23=[2]SalmonProps!$A$2:$A$10001)*(2=[2]SalmonProps!$C$2:$C$10001)*(1=[2]SalmonProps!$D$2:$D$10001)*("A2" = [2]SalmonProps!$B$2:$B$10001)*($AP23 = [2]SalmonProps!$F$2:$F$10001) *($AR23 = [2]SalmonProps!$G$2:$G$10001),0), 15))} -> 0.1296 | AG23: {=IF(ISBLANK($AQ23), "", INDEX([2]SalmonProps!$A$2:$AA$10001,MATCH(1,($A23=[2]SalmonProps!$A$2:$A$10001)*(3=[2]SalmonProps!$C$2:$C$10001)*(1=[2]SalmonProps!$D$2:$D$10001)*("A2" = [2]SalmonProps!$B$2:$B$10001)*($AP23 = [2]SalmonProps!$F$2:$F$10001) *($AR23 = [2]SalmonProps!$G$2:$G$10001),0), 15))} -> 0.3928 | AH23: {=IF(ISBLANK($AQ23), "", INDEX([2]SalmonProps!$A$2:$AA$10001,MATCH(1,($A23=[2]SalmonProps!$A$2:$A$10001)*($AP23 = [2]SalmonProps!$F$2:$F$10001) *($AR23 = [2]SalmonProps!$G$2:$G$10001),0), 24))} -> NA | AI23: {=IF(ISBLANK($AQ23), "", INDEX([2]SalmonProps!$A$2:$AA$10001,MATCH(1,($A23=[2]SalmonProps!$A$2:$A$10001)*($AP23 = [2]SalmonProps!$F$2:$F$10001) *($AR23 = [2]SalmonProps!$G$2:$G$10001),0), 25))} -> NA | AJ23: {=IF(ISBLANK($AQ23), "", INDEX([2]SalmonProps!$A$2:$AA$10001,MATCH(1,($A23=[2]SalmonProps!$A$2:$A$10001)*($AP23 = [2]SalmonProps!$F$2:$F$10001) *($AR23 = [2]SalmonProps!$G$2:$G$10001),0), 20))} -> 59.2 | AK23: {=IF(ISBLANK($AQ23), "", INDEX([2]SalmonProps!$A$2:$AA$10001,MATCH(1,($A23=[2]SalmonProps!$A$2:$A$10001)*($AP23 = [2]SalmonProps!$F$2:$F$10001) *($AR23 = [2]SalmonProps!$G$2:$G$10001),0), 21))} -> 4.8 | AL23: {=IF(ISBLANK($AQ23), "", INDEX([2]SalmonProps!$A$2:$AA$10001,MATCH(1,($A23=[2]SalmonProps!$A$2:$A$10001)*($AP23 = [2]SalmonProps!$F$2:$F$10001) *($AR23 = [2]SalmonProps!$G$2:$G$10001),0), 22))} -> 75.1 | AM23: {=IF(ISBLANK($AQ23), "", INDEX([2]SalmonProps!$A$2:$AA$10001,MATCH(1,($A23=[2]SalmonProps!$A$2:$A$10001)*($AP23 = [2]SalmonProps!$F$2:$F$10001) *($AR23 = [2]SalmonProps!$G$2:$G$10001),0), 23))} -> 7.6 | AN23: {=IF(ISBLANK($AQ23), "", INDEX([2]SalmonProps!$A$2:$AA$10001,MATCH(1,($A23=[2]SalmonProps!$A$2:$A$10001)*($AP23 = [2]SalmonProps!$F$2:$F$10001) *($AR23 = [2]SalmonProps!$G$2:$G$10001),0), 26))} -> NA | AO23: {=IF(ISBLANK($AQ23), "", INDEX([2]SalmonProps!$A$2:$AA$10001,MATCH(1,($A23=[2]SalmonProps!$A$2:$A$10001)*($AP23 = [2]SalmonProps!$F$2:$F$10001) *($AR23 = [2]SalmonProps!$G$2:$G$10001),0), 27))} -> NA | AP23: 3 | AQ23: ML - Unweighted | AR23: =INDEX($AT$2:$AU$5, MATCH(AQ23,$AT$2:$AT$5, 0), 2) -> Unweighted
